	UPA Vila Assis	UPA PEDREIRA - Dr. César Antunes da Rocha	Unidade de Pronto Atendimento - UPA Zaíra	AMA 24h Capão Redondo	UPA Rudge Ramos	UPA St. John - Lavras	UPA VICENTE MISSIANO	UPA Sacadura Cabral	UPA Vila Mariana	Unidade de Pronto Atendimento Akira Tada	UPA - Pauliceia Taboão	Unidade Avançada Carlos Chagas	AMA SOROCABANA -PRONTO ATENDIMENTO	UPA Paulista - Unidade de Pronto Atendimento	UPA Vergueiro	UPA Tito Lopes	UPA Vila Santa Catarina
2023-07-15	44.87577639751553	44.88095238095239	39.07142857142857	48.107142857142854	43.95833333333333	53.41666666666667	40.81547619047619	49.92857142857143	45.63095238095239	36.077380952380956	38.226190476190474	48.797619047619044	39.05952380952381	52.976190476190474	43.75	50.81547619047619	53.232142857142854
2023-07-22	40.601190476190474	28.809523809523814	34.57142857142857	37.98809523809524	36.226190476190474	43.32142857142857	34.42006802721089	43.84937888198758	39.648809523809526	34.863095238095234	38.392857142857146	35.238095238095234	37.047619047619044	45.20833333333333	37.547619047619044	41.404761904761905	35.55952380952381
2023-07-29	43.69047619047619	36.023809523809526	37.05357142857143	43.80357142857143	39.095238095238095	45.904761904761905	38.69047619047619	40.00595238095239	40.839285714285715	37.779761904761905	41.25	44.232142857142854	38.827380952380956	47.976190476190474	43.23809523809524	40.13690476190476	41.341873706004144
2023-08-05	52.625	44.04166666666667	44.214285714285715	51.285714285714285	40.00595238095239	48.19642857142857	51.4083850931677	43.273809523809526	48.404761904761905	47.392857142857146	51.88690476190476	43.297619047619044	44.214285714285715	54.55357142857143	53.4345238095238	54.82142857142857	47.25
2023-08-12	48.345238095238095	59.457142857142856	44.68452380952381	56.68452380952381	45.672619047619044	52.964285714285715	53.55877093920572	41.18452380952381	51.86801242236025	51.80513784461153	47.56547619047619	44.74404761904761	48.976190476190474	56.91666666666667	60.095238095238095	57.797619047619044	62.07738095238095
2023-08-26	50.11309523809524	62.017857142857146	51.279761904761905	68.49171842650104	52.267857142857146	59.910714285714285	56.601190476190474	45.57142857142857	59.48809523809524	54.49404761904761	48.142857142857146	47.982142857142854	52.982142857142854	62.63690476190476	59.64699792960663	63.35119047619048	68.30357142857143
2023-09-02	49.232142857142854	59.672619047619044	47.845238095238095	66.68452380952381	42.29166666666667	60.45833333333333	55.232142857142854	44.0654761904762	56.89880952380952	46.94642857142857	39.94642857142857	39.785714285714285	53.375	61.922619047619044	51.922619047619044	61.15476190476191	63.613095238095234
2023-09-09	47.464285714285715	54.88095238095239	50.88095238095237	65.58928571428571	39.595238095238095	57.636904761904766	52.445393374741194	41.92857142857143	46.49223602484472	49.0	32.93737060041408	35.86904761904761	47.51190476190476	59.44047619047619	50.035714285714285	57.952380952380956	60.80357142857143
2023-09-16	49.702380952380956	59.92857142857143	53.71092132505176	66.79166666666667	44.773809523809526	60.345238095238095	58.392857142857146	47.732142857142854	56.910714285714285	55.214285714285715	35.128881987577635	41.23809523809524	51.99404761904763	63.464285714285715	50.67857142857143	58.660714285714285	66.48214285714286
2023-09-23	46.05952380952381	55.773809523809526	48.346790890269155	61.58333333333333	39.095238095238095	57.54166666666667	53.964285714285715	42.648809523809526	49.61038961038961	50.06547619047619	36.107142857142854	37.642857142857146	45.422619047619044	57.51309523809523	48.726190476190474	55.154761904761905	56.297619047619044
2023-09-30	45.714285714285715	50.84523809523809	47.148809523809526	58.4404761904762	42.535714285714285	62.089285714285715	58.91666666666667	50.922619047619044	48.922619047619044	55.0595238095238	41.095238095238095	41.577380952380956	46.607142857142854	56.648809523809526	49.898809523809526	59.547619047619044	54.81262939958593
2023-10-07	34.101190476190474	30.7202380952381	32.55952380952381	37.36309523809524	39.232142857142854	47.82142857142857	58.36904761904761	45.410714285714285	42.863095238095234	50.023809523809526	39.87965838509317	43.797619047619044	31.470238095238095	44.61309523809524	46.047619047619044	51.035714285714285	41.898809523809526
2023-10-14	29.714285714285715	26.684523809523807	25.690476190476193	31.892857142857142	35.476190476190474	37.86904761904761	56.61309523809524	38.3154761904762	41.11309523809524	44.42857142857143	38.36904761904761	32.482142857142854	25.309523809523814	37.50595238095239	42.232142857142854	47.422619047619044	42.75
2023-10-21	34.595238095238095	33.732142857142854	29.678571428571427	32.017857142857146	44.06547619047619	40.749482401656316	39.107142857142854	42.35119047619048	44.32142857142857	43.08333333333333	45.40864389233955	40.101190476190474	25.482142857142858	45.375	43.160714285714285	47.49560041407868	46.0
2023-10-28	36.95833333333333	34.261904761904766	32.918219461697724	33.19642857142857	51.33333333333333	43.49404761904761	43.75	48.964285714285715	44.339285714285715	45.595238095238095	50.732142857142854	37.654761904761905	28.160714285714285	46.875	40.839285714285715	46.357142857142854	46.25
2023-11-04	42.017857142857146	44.017857142857146	36.648809523809526	35.20833333333333	50.25	45.99404761904761	35.779761904761905	55.25595238095237	39.327380952380956	42.75595238095237	49.714285714285715	32.0	28.11904761904762	48.363095238095234	16.62085921325052	47.32142857142857	43.327380952380956
2023-11-11	46.91666666666667	43.68452380952381	38.232142857142854	37.50595238095239	54.699016563147	46.44642857142857	40.047619047619044	57.91666666666667	41.92857142857143	40.845238095238095	44.87163561076604	32.36413043478261	29.779761904761905	48.702380952380956	15.154761904761903	41.987836438923395	43.610248447204974
2023-11-18	39.66818249038746	53.46785714285714	38.56802721088435	46.089285714285715	58.72619047619048	42.470238095238095	28.143374741200827	49.85119047619048	37.726190476190474	39.648809523809526	45.22023809523809	32.226190476190474	34.306277056277054	44.99404761904761	17.71972049689441	45.357142857142854	45.18452380952381
2023-12-16	44.55357142857143	37.92857142857143	39.36904761904763	45.67857142857143	45.351190476190474	47.85973084886128	48.38095238095239	44.08333333333333	44.83333333333333	51.589285714285715	38.017857142857146	40.63095238095239	48.029761904761905	46.13095238095239	58.91666666666667	45.88690476190476	52.625
2023-12-23	46.24404761904761	32.57142857142857	48.857142857142854	50.56547619047619	46.50297619047619	51.45833333333333	45.00190570299266	41.68835034013606	41.86904761904761	49.60741341991342	42.8125	41.87619047619047	53.55399659863946	51.06428571428571	36.345238095238095	48.79166666666667	56.23571428571429
2024-01-06	55.035714285714285	48.24404761904761	45.261904761904766	52.726190476190474	54.113095238095234	60.845238095238095	39.35056465273856	51.482142857142854	50.357142857142854	48.845238095238095	57.125	47.75	49.80952380952381	56.67857142857143	36.82142857142857	56.80357142857143	58.863095238095234
2024-01-13	46.785714285714285	41.476190476190474	38.095238095238095	43.875	45.86309523809524	45.23809523809524	37.910714285714285	45.94047619047619	40.839285714285715	45.07142857142857	50.99404761904761	43.63095238095239	41.047619047619044	47.32142857142857	42.92857142857143	54.839285714285715	47.79761904761905
2024-01-20	50.69642857142857	47.26190476190476	39.714285714285715	46.67857142857143	50.101190476190474	48.11309523809524	45.595238095238095	49.25	47.095238095238095	47.25595238095237	49.267857142857146	40.75595238095237	44.511904761904766	56.386904761904766	65.06547619047619	55.952380952380956	49.642857142857146
2024-01-27	50.01190476190476	48.75	38.607142857142854	47.36309523809524	49.5	48.75595238095239	53.482142857142854	50.642857142857146	50.017857142857146	44.285714285714285	48.0	47.892857142857146	46.375	55.535714285714285	80.17261904761905	57.523809523809526	48.69642857142857
2024-02-03	45.13690476190476	44.55357142857143	40.25595238095239	45.11904761904761	50.470238095238095	49.25595238095239	52.125	47.13690476190476	51.25698757763975	48.797619047619044	42.50595238095239	45.905538302277435	39.95833333333333	53.11904761904761	77.02976190476191	53.95833333333333	49.92261904761905
2024-02-10	43.625	45.56547619047619	38.91614906832298	53.94047619047619	54.98809523809524	69.19047619047619	42.62758799171843	50.529761904761905	50.55952380952381	49.86723602484472	44.964285714285715	47.63095238095239	42.105442176870746	52.33333333333333	79.01870748299321	57.51371635610766	48.095238095238095
2024-02-17	42.90269151138716	43.523809523809526	37.305900621118006	45.745670995671	48.970238095238095	67.29761904761905	35.06547619047619	48.017857142857146	44.04296066252588	40.047619047619044	45.66174948240166	42.721790890269155	37.845238095238095	52.779761904761905	72.3961038961039	52.404761904761905	44.61904761904761
2024-02-24	45.666031432335785	45.61904761904761	40.077380952380956	57.25	58.69047619047619	58.172619047619044	26.261904761904763	59.07142857142857	45.904761904761905	56.00672877846791	47.13690476190476	39.38095238095239	45.45729813664597	59.226190476190474	59.93452380952381	58.034090909090914	52.57142857142857
2024-03-02	52.34239130434782	50.160714285714285	39.40864389233955	53.49404761904761	58.035714285714285	56.11904761904763	29.351190476190478	54.32142857142857	44.19642857142857	52.56547619047619	48.5370082815735	42.32142857142857	45.029761904761905	57.54166666666667	54.422619047619044	54.45833333333333	52.86309523809524
2024-03-09	51.740165631469985	50.827380952380956	48.24404761904761	55.922619047619044	55.21894409937888	39.28778467908903	25.607142857142858	48.851190476190474	47.285714285714285	53.785714285714285	50.279761904761905	41.605331262939956	48.925000000000004	55.267857142857146	47.279761904761905	61.529761904761905	50.982142857142854
2024-03-16	58.262610577827964	45.49404761904761	52.30124223602485	56.5	55.904761904761905	37.49404761904761	36.19642857142857	52.404761904761905	49.05150103519669	53.75	53.163265306122454	47.94047619047619	53.783126293995856	57.714285714285715	52.55952380952381	64.05357142857143	53.17857142857143
2024-03-23	61.148809523809526	51.220238095238095	50.5	59.99404761904763	56.75	38.66666666666667	34.297619047619044	52.904761904761905	50.089285714285715	52.36309523809524	55.00595238095237	54.517857142857146	49.80357142857143	62.55952380952381	56.11904761904763	67.01319875776397	59.63582251082251
2024-03-30	52.70183982683983	44.61309523809524	48.797619047619044	50.79166666666667	47.29166666666667	48.25	31.505952380952383	44.47412008281573	43.75595238095239	46.625	47.1845238095238	40.714285714285715	43.98809523809524	50.011904761904766	50.137445887445885	59.65683229813664	46.57375776397515
2024-04-06	53.38095238095239	42.98809523809524	51.61309523809524	54.589285714285715	48.93452380952381	54.035714285714285	38.142857142857146	52.06547619047619	49.648809523809526	48.797619047619044	47.61904761904763	50.476190476190474	51.50595238095239	52.26190476190476	47.220238095238095	59.69642857142857	49.48809523809524
2024-04-13	51.648809523809526	43.9345238095238	46.63095238095239	50.642857142857146	51.416666666666664	53.244306418219466	36.75	51.642857142857146	49.44642857142857	48.99741200828157	49.25077639751553	50.625	54.13095238095239	53.44642857142857	48.767857142857146	54.80357142857143	51.3610248447205
2024-04-20	47.589285714285715	40.45833333333333	48.5	52.69642857142857	51.18452380952381	55.43452380952381	36.220238095238095	56.476190476190474	47.322722567287784	47.61309523809524	49.648809523809526	42.601190476190474	54.94642857142857	54.220238095238095	50.61904761904761	57.16666666666667	47.33333333333333
2024-04-27	50.160714285714285	45.095238095238095	48.422619047619044	55.55952380952381	55.702380952380956	62.089285714285715	35.125	58.226190476190474	56.94047619047619	49.523809523809526	50.20833333333333	41.482142857142854	56.56547619047619	55.702380952380956	54.851190476190474	57.797619047619044	51.470238095238095
2024-05-04	48.83333333333333	43.142857142857146	43.970238095238095	49.095238095238095	46.94642857142857	59.720238095238095	36.148809523809526	54.75595238095237	47.67857142857143	49.13095238095239	50.44642857142857	39.417960662525886	53.07738095238095	51.1935817805383	51.25595238095239	59.95833333333333	50.45833333333333
2024-05-11	51.49404761904761	46.154761904761905	45.75595238095239	49.63095238095239	44.077380952380956	62.273809523809526	45.17739506869942	51.726190476190474	47.452380952380956	49.48809523809524	50.404761904761905	42.36309523809524	51.523809523809526	58.660714285714285	49.773809523809526	58.166666666666664	55.24404761904761
2024-05-18	45.11904761904763	44.68452380952381	43.845238095238095	47.51190476190476	43.357142857142854	60.0595238095238	45.922619047619044	50.13690476190476	46.75	46.023809523809526	43.5	38.089285714285715	44.422619047619044	53.32142857142857	50.45833333333333	47.154761904761905	50.660714285714285
2024-05-25	45.11309523809524	44.32142857142857	39.089285714285715	47.24404761904763	43.577380952380956	46.410714285714285	45.17857142857143	44.482142857142854	43.214285714285715	48.61904761904761	43.410714285714285	37.94047619047619	43.94642857142857	47.577380952380956	39.476190476190474	40.595238095238095	50.30357142857143
2024-06-01	33.8222049689441	35.765151515151516	31.300983436853006	41.84937888198758	38.803030303030305	36.028985507246375	30.752587991718425	34.43777056277056	36.83410973084886	38.55538302277433	36.64448051948052	25.329710144927535	35.648033126293996	34.32846320346321	34.76863354037267	34.53726708074534	39.256211180124225
2024-06-08	34.333333333333336	36.89823656735422	34.17261904761905	43.351190476190474	38.95833333333333	32.52412280701754	29.982142857142858	36.695910973084885	40.51190476190476	37.345238095238095	35.81547619047619	28.6917701863354	35.38690476190476	37.976190476190474	32.63095238095239	31.129399585921327	41.09743107769424
2024-06-15	36.517857142857146	40.04166666666667	35.904761904761905	45.910714285714285	44.851190476190474	40.351190476190474	22.98938923395445	43.04166666666667	40.38095238095237	37.82251082251082	37.9404761904762	25.1832298136646	34.52465986394558	40.779761904761905	35.5	34.69047619047619	42.73809523809524
2024-06-22	45.422619047619044	41.758799171842654	36.05357142857143	43.482142857142854	48.54761904761905	46.142857142857146	24.934523809523807	45.99404761904761	42.654761904761905	36.226190476190474	45.63095238095239	29.523809523809522	35.113095238095234	44.92857142857143	43.43452380952381	37.75	43.422619047619044
2024-06-29	38.69642857142857	38.148809523809526	38.15476190476191	42.61904761904761	46.51190476190476	42.873706004140786	22.577380952380953	46.05952380952381	42.172619047619044	35.589285714285715	41.07142857142857	39.654761904761905	32.79761904761905	42.63095238095239	48.398809523809526	38.077380952380956	40.88690476190476
2024-07-06	38.642857142857146	38.66666666666667	39.54166666666667	41.916666666666664	41.44047619047619	45.785714285714285	37.7478354978355	37.785714285714285	38.18452380952381	35.613095238095234	40.392857142857146	44.00595238095239	40.851190476190474	40.60119047619048	49.94047619047619	39.32142857142857	41.16666666666667
2024-07-13	32.83874458874459	34.44642857142857	35.42857142857143	38.535714285714285	34.75595238095239	37.26893939393939	38.81547619047619	35.738095238095234	35.56547619047619	31.422619047619044	31.678571428571427	35.035714285714285	33.148809523809526	37.458333333333336	49.43080651232825	35.226190476190474	35.398809523809526
2024-07-20	33.07088744588744	30.970238095238095	29.73430735930736	36.31547619047619	34.041666666666664	34.464285714285715	35.76190476190476	36.476190476190474	35.220238095238095	33.30357142857143	31.065476190476193	35.291666666666664	35.43638245812159	35.952380952380956	45.48809523809524	35.5	37.92184265010352
2024-07-27	28.916666666666668	38.82142857142857	32.779761904761905	39.88095238095239	38.11904761904761	39.660714285714285	38.6054724261246	34.160714285714285	36.661490683229815	31.851190476190474	37.517857142857146	31.86309523809524	36.86309523809524	37.57142857142857	36.267857142857146	38.660714285714285	41.767857142857146
2024-08-03	24.607142857142858	34.886904761904766	27.434006211180126	38.470238095238095	35.67857142857143	35.63095238095239	37.82599284773198	34.67857142857143	29.961697722567287	23.660714285714285	32.86904761904762	31.872153209109733	32.07142857142857	32.16666666666667	30.589285714285715	35.989093463472344	33.47308488612837
2024-08-10	34.04684265010352	38.6620082815735	33.279761904761905	46.595238095238095	44.19642857142857	43.06547619047619	31.37982307547525	43.089285714285715	38.33170995670996	39.44047619047619	41.720238095238095	37.81547619047619	39.42857142857143	48.11796536796537	41.08333333333333	45.976190476190474	47.464285714285715
2024-08-17	41.63690476190476	44.76190476190476	47.74404761904761	54.761904761904766	51.898809523809526	46.74404761904761	30.083333333333332	52.88095238095239	43.268398268398265	48.79166666666667	50.125	47.88095238095239	44.535714285714285	56.63690476190476	47.01190476190476	51.375	57.77380952380952
2024-08-24	48.90425170068027	46.31830424477483	48.82568027210885	57.624474789915965	53.451610644257705	52.17314273535501	32.80968045112782	52.591269841269835	44.615196078431374	54.61439960599625	51.297021116138765	51.8453081232493	40.93208629605688	59.96008403361345	54.39248857437712	52.75625763125763	56.341536614645854
2024-08-31	43.8531746031746	38.04273182957393	44.23430735930736	44.69100636205899	49.23730158730159	51.44315803244375	30.458543417366943	47.32564935064935	39.83809523809524	46.7593984962406	41.4485294117647	38.565109890109895	40.187324929971986	46.91456582633053	51.20674603174603	48.67619047619048	46.05889724310777
2024-09-07	45.76371635610766	42.38906926406927	47.910714285714285	45.80357142857143	54.922619047619044	49.6845238095238	26.702380952380953	50.13095238095239	42.75	49.535714285714285	44.154761904761905	43.261387163561075	41.00388198757764	49.672619047619044	46.66666666666667	49.29451345755694	50.42857142857143
2024-09-14	49.08333333333333	40.26190476190476	43.476190476190474	48.160714285714285	52.13690476190476	50.029761904761905	35.589285714285715	47.732142857142854	46.61361283643892	52.56547619047619	45.482142857142854	36.964285714285715	43.31884057971014	45.047619047619044	51.095238095238095	45.91666666666667	50.238095238095234
2024-09-21	41.202380952380956	36.72722567287785	38.476190476190474	42.32142857142857	43.160714285714285	44.035714285714285	40.779761904761905	45.107142857142854	39.267857142857146	45.424171842650104	34.63095238095238	31.577380952380953	38.0	44.970238095238095	47.660714285714285	42.392857142857146	44.297619047619044
2024-09-28	37.220238095238095	36.63095238095239	33.68659420289855	43.375	41.101190476190474	43.74404761904761	35.166666666666664	43.237836438923395	33.04761904761905	39.910714285714285	34.601190476190474	30.267857142857142	39.785714285714285	46.30952380952381	38.779761904761905	39.107142857142854	46.30952380952381
2024-10-05	34.9684265010352	38.86801242236025	38.529761904761905	46.910714285714285	42.982142857142854	45.75595238095239	40.51190476190476	42.19642857142857	42.654761904761905	35.84368530020704	33.785714285714285	33.017857142857146	42.35374149659864	47.13095238095239	45.543219461697724	38.61309523809524	47.41666666666667
2024-10-12	39.8015873015873	39.7281746031746	37.71626984126984	47.242063492063494	44.01190476190476	45.83531746031746	39.53174603174603	48.894841269841265	35.089285714285715	40.61309523809524	37.33134920634921	39.629273504273506	35.427350427350426	55.55952380952382	44.839285714285715	43.79960317460317	46.93650793650793
