epiweek_enddate	nt	negatives	positives	positivity_rate	virus
2021-12-04	0	1859	50	2.6191723415400734	SC2
2021-12-11	0	517	13	2.4528301886792456	SC2
2021-12-18	0	1166	29	2.426778242677824	SC2
2021-12-25	0	984	101	9.308755760368664	SC2
2022-01-01	1350	6130	1885	23.518402994385525	SC2
2022-01-08	17836	53030	34233	39.229684975304544	SC2
2022-01-15	10534	37079	28522	43.47799576225972	SC2
2022-01-22	5815	31877	32847	50.749335640566095	SC2
2022-01-29	2673	27410	23775	46.44915502588649	SC2
2022-02-05	1522	26643	15234	36.377964037538504	SC2
2022-02-12	900	22750	9185	28.761546892124628	SC2
2022-02-19	821	24623	6481	20.836548353909464	SC2
2022-02-26	769	22856	2672	10.466938263867126	SC2
2022-03-05	677	17966	1261	6.558485463150777	SC2
2022-03-12	596	19250	919	4.5564975953195495	SC2
2022-03-19	560	18198	547	2.9181114963990398	SC2
2022-03-26	611	23418	789	3.259387780394101	SC2
2022-04-02	718	23863	984	3.9602366482875198	SC2
2022-04-09	896	23170	1386	5.6442417331813	SC2
2022-04-16	945	21978	1733	7.30884399645734	SC2
2022-04-23	921	20451	2089	9.267968056787932	SC2
2022-04-30	1085	25074	3335	11.73923756556021	SC2
2022-05-07	1006	24687	4599	15.703749231714811	SC2
2022-05-14	1116	26729	7250	21.336707966685307	SC2
2022-05-21	1285	27590	10155	26.904225725261625	SC2
2022-05-28	1420	31907	16213	33.69285120532003	SC2
2022-06-04	1314	34137	19963	36.90018484288355	SC2
2022-06-11	1131	30930	20739	40.13818730766997	SC2
2022-06-18	816	20919	16518	44.12212517028608	SC2
2022-06-25	762	22616	16572	42.28845564968868	SC2
2022-07-02	769	20199	12364	37.96947455701256	SC2
2022-07-09	555	20865	9386	31.027073485174046	SC2
2022-07-16	510	19157	6825	26.268185667000232	SC2
2022-07-23	423	15975	3915	19.683257918552037	SC2
2022-07-30	426	13260	2252	14.517792676637441	SC2
2022-08-06	384	12479	1525	10.889745786918024	SC2
2022-08-13	387	12246	1052	7.910964054745075	SC2
2022-08-20	499	13805	836	5.709992486851991	SC2
2022-08-27	604	13060	547	4.01998971117807	SC2
2022-09-03	919	11771	379	3.1193415637860085	SC2
2022-09-10	1804	10690	276	2.5168703264636147	SC2
2022-09-17	3091	11827	306	2.5220473089920055	SC2
2022-09-24	5660	12715	288	2.2148734907329075	SC2
2022-10-01	5647	10541	285	2.632551265472012	SC2
2022-10-08	5875	9333	326	3.3750905890878973	SC2
2022-10-15	4420	7149	371	4.933510638297872	SC2
2022-10-22	3670	6623	743	10.086885691012762	SC2
2022-10-29	3306	6859	1641	19.305882352941175	SC2
2022-11-05	2828	4724	2104	30.814294083186876	SC2
2022-11-12	3139	9247	5427	36.9837808368543	SC2
2022-11-19	2309	10004	5824	36.7955521859995	SC2
2022-11-26	1751	9686	4694	32.642559109874824	SC2
2022-12-03	1193	7691	2874	27.20302886890677	SC2
2022-12-10	928	6322	1953	23.6012084592145	SC2
2022-12-17	920	5929	1717	22.456186241171856	SC2
2022-12-24	776	5561	1698	23.39165174266428	SC2
2022-12-31	569	4568	1311	22.29971083517605	SC2
2023-01-07	506	4263	829	16.280439905734486	SC2
2023-01-14	393	5310	867	14.035939776590578	SC2
2023-01-21	455	4867	684	12.322104125382815	SC2
2023-01-28	453	4435	723	14.017060876308646	SC2
2023-02-04	647	5039	993	16.462201591511935	SC2
2023-02-11	994	5532	1492	21.241457858769934	SC2
2023-02-18	1185	7429	2196	22.815584415584418	SC2
2023-02-25	1225	6817	2695	28.332632464255674	SC2
2023-03-04	1544	8929	3580	28.619394036293865	SC2
2023-03-11	1712	8896	3276	26.914229378902398	SC2
2023-03-18	1902	7873	2640	25.111766384476365	SC2
2023-03-25	2265	8627	2559	22.876810298587518	SC2
2023-04-01	2224	7848	1610	17.02262634806513	SC2
2023-04-08	1677	4921	680	12.140689162649528	SC2
2023-04-15	1624	5203	516	9.022556390977442	SC2
2023-04-22	1682	4825	380	7.300672430355427	SC2
2023-04-29	1851	5998	455	7.0509840384317375	SC2
2023-05-06	1874	5639	355	5.922589255922589	SC2
2023-05-13	1908	6110	326	5.065257924176507	SC2
2023-05-20	2054	5903	271	4.389374797538062	SC2
2023-05-27	2617	5221	219	4.025735294117648	SC2
2023-06-03	2152	3848	148	3.7037037037037033	SC2
2023-06-10	2125	3283	114	3.3559022667059173	SC2
2023-06-17	1873	3260	100	2.976190476190476	SC2
2023-06-24	1757	3000	91	2.9440310579100615	SC2
2023-07-01	1621	3087	94	2.955045583149953	SC2
2023-07-08	1295	2436	83	3.2949583167923775	SC2
2023-07-15	1022	2261	102	4.316546762589928	SC2
2023-07-22	734	1772	79	4.267963263101027	SC2
2023-07-29	730	1706	121	6.62287903667214	SC2
2023-08-05	775	1712	120	6.550218340611353	SC2
2023-08-12	687	1844	152	7.615230460921844	SC2
2023-08-19	819	1885	263	12.243947858472998	SC2
2023-08-26	905	2249	320	12.456208641494745	SC2
2023-09-02	817	1890	362	16.074600355239788	SC2
2023-09-09	767	1982	378	16.016949152542374	SC2
2023-09-16	898	2367	610	20.490426603963723	SC2
2023-09-23	880	2290	769	25.13893429225237	SC2
2023-09-30	841	2306	814	26.08974358974359	SC2
2023-10-07	913	2288	1006	30.540376442015788	SC2
2023-10-14	870	2085	962	31.572038070233017	SC2
2023-10-21	918	2802	1257	30.968218773096822	SC2
2023-10-28	876	3126	1348	30.129637907912382	SC2
2023-11-04	737	2657	895	25.197072072072075	SC2
2023-11-11	796	3284	832	20.21379980563654	SC2
2023-11-18	565	2309	428	15.637559371574717	SC2
2023-11-25	637	2132	339	13.719142047753946	SC2
2023-12-02	632	1986	294	12.894736842105264	SC2
2023-12-09	663	1956	246	11.1716621253406	SC2
2023-12-16	757	2133	276	11.45703611457036	SC2
2023-12-23	715	2075	248	10.675850193715023	SC2
2023-12-30	614	1375	224	14.008755472170106	SC2
2024-01-06	698	1428	216	13.138686131386862	SC2
2024-01-13	818	1688	297	14.962216624685137	SC2
2024-01-20	870	1583	398	20.090863200403835	SC2
2024-01-27	868	1462	496	25.331971399387132	SC2
2024-02-03	1274	1972	832	29.67189728958631	SC2
2024-02-10	1940	2553	1270	33.219984305519226	SC2
2024-02-17	2050	2663	1306	32.90501385739481	SC2
2024-02-24	2950	3897	1528	28.16589861751152	SC2
2024-03-02	3439	4336	1387	24.235540800279573	SC2
2024-03-09	3446	4163	1040	19.988468191428023	SC2
2024-03-16	3746	4153	712	14.635149023638233	SC2
2024-03-23	3466	3952	472	10.669077757685352	SC2
2024-03-30	3645	3618	284	7.278318810866223	SC2
2024-04-06	4737	4724	255	5.121510343442458	SC2
2024-04-13	4975	4753	179	3.6293592862935933	SC2
2024-04-20	4949	4590	160	3.3684210526315788	SC2
2024-04-27	5865	4898	147	2.9137760158572843	SC2
2024-05-04	5061	4458	111	2.4294156270518714	SC2
2024-05-11	4745	4366	114	2.544642857142857	SC2
2024-05-18	4311	3989	76	1.8696186961869619	SC2
2024-05-25	3777	3840	64	1.639344262295082	SC2
2024-06-01	2919	2795	61	2.1358543417366946	SC2
2024-06-08	3295	3475	98	2.7427931710047577	SC2
2024-06-15	3671	3881	128	3.1928161636318286	SC2
2024-06-22	3635	3845	149	3.730595893840761	SC2
2024-06-29	3479	3587	164	4.3721674220207944	SC2
2024-07-06	2573	2824	147	4.947829013800067	SC2
2024-07-13	1989	1958	154	7.291666666666667	SC2
2024-07-20	2058	2201	216	8.936698386429457	SC2
2024-07-27	2088	2120	267	11.185588604943444	SC2
2024-08-03	1773	1882	302	13.827838827838828	SC2
2024-08-10	2186	2123	491	18.783473603672533	SC2
2024-08-17	2528	2459	691	21.936507936507937	SC2
2024-08-24	3877	3704	1146	23.628865979381445	SC2
2024-08-31	3304	3258	868	21.037324285021814	SC2
2024-09-07	3580	3498	723	17.12864250177683	SC2
2024-09-14	3758	3498	527	13.093167701863354	SC2
2024-09-21	3397	3091	426	12.112595962468012	SC2
2024-09-28	3858	3332	302	8.310401761144744	SC2
2024-10-05	3598	3111	258	7.658058771148708	SC2
2024-10-12	3486	2975	205	6.446540880503145	SC2
2024-10-19	3509	3021	201	6.238361266294227	SC2
2024-10-26	3212	2672	219	7.575233483223798	SC2
2024-11-02	3017	2591	180	6.495849873691808	SC2
2024-11-09	2588	2217	150	6.337135614702155	SC2
2024-11-16	2667	2431	193	7.355182926829268	SC2
2024-11-23	2594	2337	234	9.101516919486581	SC2
2024-11-30	2311	2349	239	9.234930448222565	SC2
2024-12-07	2020	2029	249	10.93064091308165	SC2
2024-12-14	2024	2244	317	12.377977352596641	SC2
2024-12-21	2161	2340	403	14.691943127962084	SC2
2024-12-28	1583	1387	294	17.48958953004164	SC2
2025-01-04	1232	1196	290	19.515477792732167	SC2
2025-01-11	1474	1797	374	17.227084292952558	SC2
2025-01-18	1323	1605	326	16.882444329363025	SC2
2025-01-25	1222	1427	328	18.68945868945869	SC2
2025-02-01	1244	1417	330	18.889524899828277	SC2
2025-02-08	1648	1611	535	24.930102516309415	SC2
2025-02-15	2155	2039	697	25.475146198830412	SC2
2025-02-22	2292	2389	743	23.72286079182631	SC2
2025-03-01	2307	2718	633	18.889883616830797	SC2
2025-03-08	1882	2164	338	13.509192645883294	SC2
2025-03-15	1967	2445	235	8.768656716417912	SC2
2025-03-22	2137	2307	145	5.9135399673735725	SC2
2025-03-29	2341	2554	97	3.6589966050546963	SC2
2025-04-05	97	57	0	0.0	SC2
2021-12-04	1909	0	0		FLUA
2021-12-11	530	0	0		FLUA
2021-12-18	1195	0	0		FLUA
2021-12-25	1085	0	0		FLUA
2022-01-01	8000	1011	354	25.934065934065938	FLUA
2022-01-08	87038	14453	3608	19.976745473672555	FLUA
2022-01-15	65327	9856	952	8.808290155440414	FLUA
2022-01-22	54745	14801	993	6.287197670001267	FLUA
2022-01-29	47170	6439	249	3.723086124401914	FLUA
2022-02-05	38701	4616	82	1.7454235845040442	FLUA
2022-02-12	28929	3863	43	1.1008704557091653	FLUA
2022-02-19	29006	2891	28	0.9592326139088728	FLUA
2022-02-26	23901	2378	18	0.7512520868113522	FLUA
2022-03-05	18663	1228	13	1.04754230459307	FLUA
2022-03-12	19319	1434	12	0.8298755186721992	FLUA
2022-03-19	17935	1366	4	0.291970802919708	FLUA
2022-03-26	23562	1252	4	0.3184713375796179	FLUA
2022-04-02	23911	1649	5	0.3022974607013301	FLUA
2022-04-09	23951	1488	13	0.866089273817455	FLUA
2022-04-16	23207	1440	9	0.6211180124223602	FLUA
2022-04-23	22000	1451	10	0.6844626967830253	FLUA
2022-04-30	27820	1666	8	0.4778972520908005	FLUA
2022-05-07	28573	1710	9	0.5235602094240838	FLUA
2022-05-14	33042	2044	9	0.438382854359474	FLUA
2022-05-21	36845	2181	4	0.1830663615560641	FLUA
2022-05-28	47047	2455	38	1.52426795026073	FLUA
2022-06-04	52842	2534	38	1.4774494556765163	FLUA
2022-06-11	50421	2341	38	1.5973097940311056	FLUA
2022-06-18	36470	1752	31	1.7386427369601793	FLUA
2022-06-25	38147	1767	36	1.9966722129783694	FLUA
2022-07-02	31709	1565	58	3.5736290819470113	FLUA
2022-07-09	29445	1331	30	2.2042615723732553	FLUA
2022-07-16	25299	1159	34	2.8499580888516345	FLUA
2022-07-23	19322	954	37	3.733602421796166	FLUA
2022-07-30	14998	886	54	5.74468085106383	FLUA
2022-08-06	13483	871	34	3.7569060773480665	FLUA
2022-08-13	12736	914	35	3.68809272918862	FLUA
2022-08-20	14011	1059	70	6.200177147918512	FLUA
2022-08-27	12942	1144	125	9.850275807722616	FLUA
2022-09-03	11426	1321	322	19.598295800365186	FLUA
2022-09-10	10120	1802	848	32.0	FLUA
2022-09-17	11146	2569	1509	37.00343305541932	FLUA
2022-09-24	11716	4026	2921	42.04692673096301	FLUA
2022-10-01	9470	4237	2766	39.49735827502499	FLUA
2022-10-08	8161	4727	2646	35.88769835887698	FLUA
2022-10-15	6482	3976	1482	27.152803224624407	FLUA
2022-10-22	6307	3785	944	19.961936984563334	FLUA
2022-10-29	7396	3794	616	13.968253968253968	FLUA
2022-11-05	6054	3268	334	9.272626318711827	FLUA
2022-11-12	13272	4257	284	6.254129046465537	FLUA
2022-11-19	15046	2955	136	4.3998705920414105	FLUA
2022-11-26	13236	2783	112	3.86873920552677	FLUA
2022-12-03	9727	1960	71	3.4958148695224027	FLUA
2022-12-10	7516	1613	74	4.386484884410195	FLUA
2022-12-17	6905	1599	62	3.7326911499096926	FLUA
2022-12-24	6619	1373	43	3.036723163841808	FLUA
2022-12-31	5407	1012	29	2.785782901056676	FLUA
2023-01-07	4699	869	30	3.337041156840934	FLUA
2023-01-14	5773	760	37	4.642409033877039	FLUA
2023-01-21	5041	927	38	3.9378238341968914	FLUA
2023-01-28	4814	754	43	5.395232120451694	FLUA
2023-02-04	5608	1021	50	4.6685340802987865	FLUA
2023-02-11	6540	1424	54	3.6535859269282813	FLUA
2023-02-18	8863	1884	63	3.2357473035439135	FLUA
2023-02-25	8993	1682	62	3.555045871559633	FLUA
2023-03-04	11830	2122	101	4.543409806567701	FLUA
2023-03-11	11501	2263	120	5.035669324381032	FLUA
2023-03-18	9803	2464	148	5.66615620214395	FLUA
2023-03-25	10326	2906	219	7.008	FLUA
2023-04-01	8386	3026	270	8.191747572815535	FLUA
2023-04-08	4648	2401	229	8.70722433460076	FLUA
2023-04-15	4893	2201	249	10.16326530612245	FLUA
2023-04-22	4399	2147	341	13.705787781350482	FLUA
2023-04-29	5494	2408	402	14.306049822064058	FLUA
2023-05-06	5046	2305	517	18.320340184266477	FLUA
2023-05-13	5381	2497	466	15.72730340870739	FLUA
2023-05-20	5308	2446	474	16.232876712328768	FLUA
2023-05-27	4334	3088	635	17.056137523502553	FLUA
2023-06-03	2969	2663	516	16.231519345706197	FLUA
2023-06-10	2547	2439	536	18.016806722689076	FLUA
2023-06-17	2455	2405	373	13.426925845932324	FLUA
2023-06-24	2299	2180	369	14.476265202040015	FLUA
2023-07-01	2305	2230	267	10.692831397677214	FLUA
2023-07-08	1893	1761	160	8.328995314940135	FLUA
2023-07-15	1734	1567	84	5.087825560266506	FLUA
2023-07-22	1323	1208	54	4.27892234548336	FLUA
2023-07-29	1377	1140	40	3.389830508474576	FLUA
2023-08-05	1345	1229	33	2.6148969889064975	FLUA
2023-08-12	1433	1231	19	1.52	FLUA
2023-08-19	1548	1398	21	1.4799154334038054	FLUA
2023-08-26	1944	1511	19	1.2418300653594772	FLUA
2023-09-02	1753	1299	17	1.2917933130699089	FLUA
2023-09-09	1788	1315	24	1.7923823749066468	FLUA
2023-09-16	2385	1479	11	0.738255033557047	FLUA
2023-09-23	2481	1438	20	1.3717421124828533	FLUA
2023-09-30	2427	1516	18	1.1734028683181226	FLUA
2023-10-07	2832	1362	13	0.9454545454545455	FLUA
2023-10-14	2490	1417	10	0.7007708479327259	FLUA
2023-10-21	3358	1615	4	0.24706609017912293	FLUA
2023-10-28	3675	1673	2	0.11940298507462686	FLUA
2023-11-04	2928	1355	6	0.440852314474651	FLUA
2023-11-11	3220	1684	8	0.4728132387706856	FLUA
2023-11-18	2093	1193	16	1.3234077750206783	FLUA
2023-11-25	1926	1166	16	1.353637901861252	FLUA
2023-12-02	1857	1024	31	2.938388625592417	FLUA
2023-12-09	1769	1053	43	3.923357664233577	FLUA
2023-12-16	1915	1194	57	4.556354916067146	FLUA
2023-12-23	1877	1085	76	6.546080964685616	FLUA
2023-12-30	1263	890	60	6.315789473684211	FLUA
2024-01-06	1261	937	144	13.32099907493062	FLUA
2024-01-13	1571	1055	177	14.366883116883116	FLUA
2024-01-20	1617	1098	136	11.021069692058347	FLUA
2024-01-27	1610	1082	134	11.019736842105262	FLUA
2024-02-03	2344	1466	268	15.455594002306805	FLUA
2024-02-10	3298	2026	439	17.809330628803245	FLUA
2024-02-17	3535	2052	432	17.391304347826086	FLUA
2024-02-24	4777	2839	759	21.095052807115064	FLUA
2024-03-02	5046	3162	954	23.17784256559767	FLUA
2024-03-09	4505	3166	978	23.6003861003861	FLUA
2024-03-16	4166	3336	1109	24.949381327334084	FLUA
2024-03-23	3689	3235	966	22.994525113068317	FLUA
2024-03-30	3185	3317	1045	23.9569005043558	FLUA
2024-04-06	4063	4229	1424	25.190164514417123	FLUA
2024-04-13	4024	4408	1475	25.072242053374126	FLUA
2024-04-20	3754	4493	1452	24.423885618166526	FLUA
2024-04-27	4040	5245	1625	23.653566229985444	FLUA
2024-05-04	3319	5043	1268	20.091903026461733	FLUA
2024-05-11	3248	4973	1004	16.797724611008867	FLUA
2024-05-18	2948	4549	879	16.193809874723655	FLUA
2024-05-25	2707	4199	775	15.581021310816245	FLUA
2024-06-01	1961	3193	621	16.282118510749868	FLUA
2024-06-08	2410	3802	656	14.71511888739345	FLUA
2024-06-15	2542	4376	762	14.83067341377968	FLUA
2024-06-22	2644	4310	675	13.54062186559679	FLUA
2024-06-29	2390	4088	752	15.537190082644628	FLUA
2024-07-06	1958	3087	499	13.915225878416063	FLUA
2024-07-13	1403	2334	364	13.491475166790215	FLUA
2024-07-20	1731	2457	287	10.459183673469388	FLUA
2024-07-27	1827	2445	203	7.666163141993958	FLUA
2024-08-03	1619	2170	168	7.18562874251497	FLUA
2024-08-10	2010	2626	164	5.878136200716845	FLUA
2024-08-17	2435	3057	186	5.735430157261795	FLUA
2024-08-24	3824	4655	248	5.05812767693249	FLUA
2024-08-31	3331	3902	197	4.806050256160039	FLUA
2024-09-07	3431	4210	160	3.6613272311212817	FLUA
2024-09-14	3318	4231	234	5.240761478163494	FLUA
2024-09-21	2825	3886	203	4.964539007092199	FLUA
2024-09-28	2883	4399	210	4.556302885658494	FLUA
2024-10-05	2656	4101	210	4.871259568545581	FLUA
2024-10-12	2581	3913	172	4.2105263157894735	FLUA
2024-10-19	2580	3969	182	4.3844856661045535	FLUA
2024-10-26	2295	3647	161	4.227941176470589	FLUA
2024-11-02	2190	3463	135	3.7520844913841023	FLUA
2024-11-09	1919	2896	140	4.61133069828722	FLUA
2024-11-16	2131	3010	150	4.746835443037975	FLUA
2024-11-23	2077	2938	150	4.857512953367875	FLUA
2024-11-30	2128	2646	125	4.511006856730422	FLUA
2024-12-07	1866	2295	137	5.6332236842105265	FLUA
2024-12-14	2052	2348	185	7.303592577970786	FLUA
2024-12-21	2250	2466	188	7.083647324792766	FLUA
2024-12-28	1398	1734	132	7.07395498392283	FLUA
2025-01-04	1265	1361	92	6.331727460426703	FLUA
2025-01-11	1831	1674	140	7.717750826901875	FLUA
2025-01-18	1649	1479	126	7.850467289719626	FLUA
2025-01-25	1446	1373	158	10.32005225342913	FLUA
2025-02-01	1438	1382	171	11.010946555054733	FLUA
2025-02-08	1800	1771	223	11.183550651955867	FLUA
2025-02-15	2362	2235	294	11.625148279952551	FLUA
2025-02-22	2701	2492	231	8.483290488431876	FLUA
2025-03-01	2921	2543	194	7.088052612349288	FLUA
2025-03-08	2187	2043	154	7.00955848884843	FLUA
2025-03-15	2340	2091	216	9.362808842652797	FLUA
2025-03-22	2104	2180	305	12.273641851106639	FLUA
2025-03-29	2184	2461	347	12.357549857549857	FLUA
2025-04-05	66	76	12	13.636363636363635	FLUA
2021-12-04	1909	0	0		FLUB
2021-12-11	530	0	0		FLUB
2021-12-18	1195	0	0		FLUB
2021-12-25	1085	0	0		FLUB
2022-01-01	8001	1360	4	0.2932551319648094	FLUB
2022-01-08	87211	17816	72	0.40250447227191416	FLUB
2022-01-15	65427	10618	90	0.8404930892790436	FLUB
2022-01-22	54694	15825	20	0.12622278321236985	FLUB
2022-01-29	47015	6836	7	0.10229431535876078	FLUB
2022-02-05	38577	4817	5	0.10369141435089176	FLUB
2022-02-12	28842	3992	1	0.025043826696719257	FLUB
2022-02-19	28893	3032	0	0.0	FLUB
2022-02-26	23831	2465	1	0.04055150040551501	FLUB
2022-03-05	18588	1316	0	0.0	FLUB
2022-03-12	19185	1578	2	0.12658227848101267	FLUB
2022-03-19	17809	1496	0	0.0	FLUB
2022-03-26	23412	1404	2	0.1422475106685633	FLUB
2022-04-02	23734	1829	2	0.10922992900054614	FLUB
2022-04-09	23766	1685	1	0.05931198102016608	FLUB
2022-04-16	23006	1650	0	0.0	FLUB
2022-04-23	21814	1646	1	0.060716454159077116	FLUB
2022-04-30	27580	1913	1	0.052246603970741906	FLUB
2022-05-07	28378	1913	1	0.052246603970741906	FLUB
2022-05-14	32741	2354	0	0.0	FLUB
2022-05-21	36768	2262	0	0.0	FLUB
2022-05-28	46785	2755	0	0.0	FLUB
2022-06-04	52410	3004	0	0.0	FLUB
2022-06-11	50261	2539	0	0.0	FLUB
2022-06-18	36188	2065	0	0.0	FLUB
2022-06-25	37833	2113	4	0.1889466225791214	FLUB
2022-07-02	31459	1872	1	0.05339028296849973	FLUB
2022-07-09	29266	1539	1	0.06493506493506493	FLUB
2022-07-16	25078	1413	1	0.07072135785007072	FLUB
2022-07-23	19117	1196	0	0.0	FLUB
2022-07-30	14830	1107	1	0.09025270758122744	FLUB
2022-08-06	13349	1039	0	0.0	FLUB
2022-08-13	12595	1090	0	0.0	FLUB
2022-08-20	13864	1273	3	0.23510971786833856	FLUB
2022-08-27	12775	1432	4	0.2785515320334262	FLUB
2022-09-03	11276	1789	4	0.2230897936419409	FLUB
2022-09-10	9944	2821	5	0.17692852087756544	FLUB
2022-09-17	10939	4273	12	0.28004667444574094	FLUB
2022-09-24	11514	7145	4	0.055951881382011466	FLUB
2022-10-01	9213	7257	3	0.04132231404958678	FLUB
2022-10-08	7945	7584	5	0.06588483331137172	FLUB
2022-10-15	6309	5629	2	0.03551767004084532	FLUB
2022-10-22	6138	4893	5	0.10208248264597795	FLUB
2022-10-29	7210	4586	10	0.2175805047867711	FLUB
2022-11-05	5849	3806	1	0.026267402153926978	FLUB
2022-11-12	13022	4790	1	0.02087246921310791	FLUB
2022-11-19	14729	3405	3	0.08802816901408451	FLUB
2022-11-26	12932	3195	4	0.12503907471084713	FLUB
2022-12-03	9508	2240	10	0.4444444444444444	FLUB
2022-12-10	7338	1856	9	0.482573726541555	FLUB
2022-12-17	6681	1884	1	0.05305039787798408	FLUB
2022-12-24	6442	1582	11	0.6905210295040803	FLUB
2022-12-31	5250	1191	7	0.5843071786310517	FLUB
2023-01-07	4565	1017	16	1.5488867376573088	FLUB
2023-01-14	5637	900	33	3.536977491961415	FLUB
2023-01-21	4923	1040	43	3.970452446906741	FLUB
2023-01-28	4752	806	53	6.169965075669383	FLUB
2023-02-04	5481	1105	93	7.7629382303839725	FLUB
2023-02-11	6379	1495	144	8.785845027455766	FLUB
2023-02-18	8661	1956	193	8.980921358771523	FLUB
2023-02-25	8836	1704	197	10.362966859547607	FLUB
2023-03-04	11719	2019	315	13.496143958868895	FLUB
2023-03-11	11231	2317	336	12.66490765171504	FLUB
2023-03-18	9613	2488	314	11.206281227694504	FLUB
2023-03-25	10098	2946	407	12.138383537130927	FLUB
2023-04-01	8104	3176	402	11.235326998323085	FLUB
2023-04-08	4398	2596	284	9.86111111111111	FLUB
2023-04-15	4685	2412	246	9.255079006772009	FLUB
2023-04-22	4190	2530	167	6.192065257693733	FLUB
2023-04-29	5241	2878	185	6.03983023179889	FLUB
2023-05-06	4780	2917	171	5.537564766839378	FLUB
2023-05-13	5070	3139	135	4.123396456933415	FLUB
2023-05-20	5104	3017	107	3.4250960307298337	FLUB
2023-05-27	4218	3711	128	3.3342016150039075	FLUB
2023-06-03	2793	3276	79	2.354694485842027	FLUB
2023-06-10	2278	3186	58	1.7879161528976573	FLUB
2023-06-17	2379	2795	59	2.0672740014015414	FLUB
2023-06-24	2046	2765	37	1.3204853675945754	FLUB
2023-07-01	2046	2706	50	1.8142235123367199	FLUB
2023-07-08	1662	2130	22	1.0223048327137547	FLUB
2023-07-15	1548	1817	20	1.0887316276537833	FLUB
2023-07-22	1141	1423	21	1.4542936288088644	FLUB
2023-07-29	1222	1320	15	1.1235955056179776	FLUB
2023-08-05	1175	1415	17	1.1871508379888267	FLUB
2023-08-12	1254	1411	18	1.2596221133659902	FLUB
2023-08-19	1355	1598	14	0.8684863523573202	FLUB
2023-08-26	1728	1732	14	0.8018327605956471	FLUB
2023-09-02	1608	1453	8	0.5475701574264202	FLUB
2023-09-09	1573	1544	10	0.6435006435006435	FLUB
2023-09-16	2172	1698	5	0.2935995302407516	FLUB
2023-09-23	2272	1655	12	0.7198560287942412	FLUB
2023-09-30	2203	1753	5	0.2844141069397042	FLUB
2023-10-07	2628	1575	4	0.253324889170361	FLUB
2023-10-14	2290	1622	5	0.30731407498463426	FLUB
2023-10-21	3099	1875	3	0.1597444089456869	FLUB
2023-10-28	3423	1924	3	0.15568240788790866	FLUB
2023-11-04	2781	1503	5	0.33156498673740054	FLUB
2023-11-11	2953	1948	11	0.5615109749872383	FLUB
2023-11-18	2005	1293	4	0.30840400925212025	FLUB
2023-11-25	1791	1309	8	0.6074411541381929	FLUB
2023-12-02	1685	1212	15	1.2224938875305624	FLUB
2023-12-09	1622	1232	11	0.8849557522123894	FLUB
2023-12-16	1744	1419	3	0.21097046413502107	FLUB
2023-12-23	1709	1307	22	1.655379984951091	FLUB
2023-12-30	1137	1074	2	0.18587360594795538	FLUB
2024-01-06	1251	1085	6	0.5499541704857929	FLUB
2024-01-13	1572	1226	5	0.4061738424045491	FLUB
2024-01-20	1620	1216	15	1.2185215272136474	FLUB
2024-01-27	1613	1206	7	0.5770816158285244	FLUB
2024-02-03	2353	1706	19	1.1014492753623188	FLUB
2024-02-10	3308	2438	17	0.6924643584521385	FLUB
2024-02-17	3546	2465	8	0.3234937323089365	FLUB
2024-02-24	4796	3554	25	0.6985191394244202	FLUB
2024-03-02	5069	4074	19	0.4642071829953579	FLUB
2024-03-09	4517	4099	33	0.7986447241045499	FLUB
2024-03-16	4186	4394	31	0.7005649717514124	FLUB
2024-03-23	3715	4135	40	0.9580838323353293	FLUB
2024-03-30	3201	4299	47	1.0814542107685228	FLUB
2024-04-06	4098	5566	52	0.9255962976148095	FLUB
2024-04-13	4052	5801	54	0.9222886421861656	FLUB
2024-04-20	3795	5849	55	0.9315718157181572	FLUB
2024-04-27	4122	6724	64	0.9428403064230996	FLUB
2024-05-04	3366	6221	43	0.6864623243933589	FLUB
2024-05-11	3290	5890	45	0.7582139848357203	FLUB
2024-05-18	2990	5343	43	0.7983661344225771	FLUB
2024-05-25	2722	4936	23	0.4638031861262351	FLUB
2024-06-01	1970	3775	30	0.7884362680683311	FLUB
2024-06-08	2424	4402	42	0.9450945094509451	FLUB
2024-06-15	2561	5052	67	1.3088493846454385	FLUB
2024-06-22	2657	4913	59	1.1866452131938856	FLUB
2024-06-29	2398	4756	76	1.5728476821192054	FLUB
2024-07-06	1965	3504	75	2.095557418273261	FLUB
2024-07-13	1413	2623	65	2.418154761904762	FLUB
2024-07-20	1736	2658	81	2.9572836801752467	FLUB
2024-07-27	1834	2539	102	3.8621734191594093	FLUB
2024-08-03	1627	2244	86	3.6909871244635193	FLUB
2024-08-10	2023	2641	136	4.897371263953907	FLUB
2024-08-17	2445	3009	224	6.928549334982987	FLUB
2024-08-24	3857	4407	463	9.507186858316222	FLUB
2024-08-31	3345	3580	505	12.362301101591187	FLUB
2024-09-07	3437	3594	770	17.64436296975252	FLUB
2024-09-14	3324	3648	811	18.187934514465127	FLUB
2024-09-21	2825	3229	860	21.03203717290291	FLUB
2024-09-28	2884	3547	1061	23.02517361111111	FLUB
2024-10-05	2663	3325	979	22.74628252788104	FLUB
2024-10-12	2584	3278	804	19.69622733953944	FLUB
2024-10-19	2582	3399	750	18.076644974692694	FLUB
2024-10-26	2302	3237	564	14.83820047355959	FLUB
2024-11-02	2197	3130	461	12.837649679754943	FLUB
2024-11-09	1922	2691	342	11.275964391691394	FLUB
2024-11-16	2131	2864	296	9.367088607594937	FLUB
2024-11-23	2079	2804	282	9.138042773817238	FLUB
2024-11-30	2129	2602	168	6.064981949458484	FLUB
2024-12-07	1869	2272	157	6.463565253190613	FLUB
2024-12-14	2057	2398	130	5.1424050632911396	FLUB
2024-12-21	2253	2558	93	3.508110147114297	FLUB
2024-12-28	1399	1812	53	2.841823056300268	FLUB
2025-01-04	1266	1413	39	2.6859504132231407	FLUB
2025-01-11	1832	1737	76	4.191947049089906	FLUB
2025-01-18	1651	1555	48	2.9943855271366187	FLUB
2025-01-25	1446	1491	40	2.612671456564337	FLUB
2025-02-01	1437	1508	46	2.9601029601029603	FLUB
2025-02-08	1800	1952	42	2.106318956870612	FLUB
2025-02-15	2365	2486	40	1.583531274742676	FLUB
2025-02-22	2704	2691	29	1.0661764705882353	FLUB
2025-03-01	2926	2710	22	0.8052708638360175	FLUB
2025-03-08	2187	2179	18	0.8192990441511151	FLUB
2025-03-15	2341	2268	38	1.647875108412836	FLUB
2025-03-22	2104	2456	29	1.1670020120724347	FLUB
2025-03-29	2184	2786	22	0.7834757834757835	FLUB
2025-04-05	66	88	0	0.0	FLUB
2021-12-04	1909	0	0		VSR
2021-12-11	530	0	0		VSR
2021-12-18	1195	0	0		VSR
2021-12-25	1085	0	0		VSR
2022-01-01	9283	64	18	21.951219512195124	VSR
2022-01-08	104454	553	92	14.263565891472869	VSR
2022-01-15	75569	496	70	12.36749116607774	VSR
2022-01-22	60336	10106	97	0.9507007742820739	VSR
2022-01-29	49687	4124	47	1.1268280987772716	VSR
2022-02-05	40087	3253	59	1.7814009661835748	VSR
2022-02-12	29692	3068	75	2.386255170219535	VSR
2022-02-19	29630	2218	77	3.355119825708061	VSR
2022-02-26	24453	1778	66	3.5791757049891544	VSR
2022-03-05	19040	801	63	7.291666666666667	VSR
2022-03-12	19675	1009	81	7.431192660550459	VSR
2022-03-19	18212	1005	88	8.051235132662397	VSR
2022-03-26	23906	784	128	14.035087719298245	VSR
2022-04-02	24248	1155	162	12.300683371298406	VSR
2022-04-09	24391	908	153	14.420358152686145	VSR
2022-04-16	23670	794	192	19.47261663286004	VSR
2022-04-23	22451	826	184	18.217821782178216	VSR
2022-04-30	28402	922	170	15.567765567765568	VSR
2022-05-07	29189	924	179	16.228467815049864	VSR
2022-05-14	33801	1118	176	13.601236476043276	VSR
2022-05-21	37686	1173	171	12.723214285714285	VSR
2022-05-28	48097	1271	172	11.919611919611919	VSR
2022-06-04	53858	1404	152	9.768637532133676	VSR
2022-06-11	51281	1392	127	8.360763660302831	VSR
2022-06-18	37052	1095	106	8.825978351373855	VSR
2022-06-25	38705	1160	85	6.827309236947792	VSR
2022-07-02	32195	1045	92	8.091468777484609	VSR
2022-07-09	29840	893	73	7.556935817805383	VSR
2022-07-16	25636	804	52	6.074766355140187	VSR
2022-07-23	19582	698	33	4.514363885088919	VSR
2022-07-30	15302	606	30	4.716981132075472	VSR
2022-08-06	13779	590	19	3.1198686371100166	VSR
2022-08-13	13016	651	18	2.690582959641256	VSR
2022-08-20	14375	736	29	3.7908496732026142	VSR
2022-08-27	13417	770	24	3.022670025188917	VSR
2022-09-03	12233	804	32	3.827751196172249	VSR
2022-09-10	11819	912	39	4.100946372239748	VSR
2022-09-17	14132	1051	41	3.7545787545787546	VSR
2022-09-24	17261	1355	47	3.3523537803138375	VSR
2022-10-01	14972	1421	80	5.329780146568954	VSR
2022-10-08	13867	1538	129	7.738452309538093	VSR
2022-10-15	10733	1069	138	11.433305716652859	VSR
2022-10-22	9762	1074	200	15.698587127158556	VSR
2022-10-29	10439	1061	306	22.38478419897586	VSR
2022-11-05	8641	805	210	20.689655172413794	VSR
2022-11-12	16118	1380	315	18.58407079646018	VSR
2022-11-19	16967	911	259	22.136752136752136	VSR
2022-11-26	14678	1203	250	17.20578114246387	VSR
2022-12-03	10642	891	225	20.161290322580644	VSR
2022-12-10	8219	763	221	22.459349593495933	VSR
2022-12-17	7585	756	225	22.93577981651376	VSR
2022-12-24	7152	690	193	21.857304643261607	VSR
2022-12-31	5830	497	121	19.57928802588997	VSR
2023-01-07	5104	403	91	18.421052631578945	VSR
2023-01-14	6115	396	59	12.967032967032969	VSR
2023-01-21	5401	550	55	9.090909090909092	VSR
2023-01-28	5157	397	57	12.555066079295155	VSR
2023-02-04	6156	459	64	12.237093690248566	VSR
2023-02-11	7320	649	49	7.020057306590258	VSR
2023-02-18	9856	884	70	7.337526205450734	VSR
2023-02-25	9998	672	67	9.066305818673884	VSR
2023-03-04	13165	808	80	9.00900900900901	VSR
2023-03-11	12925	868	91	9.48905109489051	VSR
2023-03-18	11430	871	114	11.573604060913706	VSR
2023-03-25	12277	1021	153	13.032367972742758	VSR
2023-04-01	10359	1128	195	14.73922902494331	VSR
2023-04-08	6121	985	172	14.866032843560934	VSR
2023-04-15	6294	867	182	17.349857006673023	VSR
2023-04-22	5832	864	191	18.104265402843602	VSR
2023-04-29	7129	1009	166	14.127659574468085	VSR
2023-05-06	6738	977	153	13.539823008849558	VSR
2023-05-13	7108	1080	156	12.62135922330097	VSR
2023-05-20	7164	937	127	11.936090225563909	VSR
2023-05-27	6706	1229	122	9.030347890451518	VSR
2023-06-03	4940	1110	98	8.112582781456954	VSR
2023-06-10	4480	946	96	9.213051823416507	VSR
2023-06-17	4216	919	98	9.636184857423794	VSR
2023-06-24	3908	857	83	8.829787234042554	VSR
2023-07-01	3776	948	78	7.602339181286549	VSR
2023-07-08	2963	765	86	10.105757931844888	VSR
2023-07-15	2642	655	88	11.843876177658142	VSR
2023-07-22	1974	564	47	7.6923076923076925	VSR
2023-07-29	2017	490	50	9.25925925925926	VSR
2023-08-05	2035	527	45	7.8671328671328675	VSR
2023-08-12	2037	608	38	5.88235294117647	VSR
2023-08-19	2271	656	40	5.747126436781609	VSR
2023-08-26	2753	672	49	6.796116504854369	VSR
2023-09-02	2450	574	45	7.269789983844912	VSR
2023-09-09	2463	620	44	6.626506024096386	VSR
2023-09-16	3195	635	45	6.61764705882353	VSR
2023-09-23	3266	623	50	7.429420505200595	VSR
2023-09-30	3202	691	68	8.959156785243742	VSR
2023-10-07	3659	517	31	5.656934306569343	VSR
2023-10-14	3285	567	65	10.284810126582279	VSR
2023-10-21	4545	374	58	13.425925925925927	VSR
2023-10-28	4511	767	72	8.581644815256258	VSR
2023-11-04	3558	633	98	13.406292749658002	VSR
2023-11-11	3871	938	103	9.894332372718539	VSR
2023-11-18	2576	639	87	11.983471074380166	VSR
2023-11-25	2446	548	114	17.220543806646525	VSR
2023-12-02	2373	454	85	15.769944341372913	VSR
2023-12-09	2294	469	102	17.86339754816112	VSR
2023-12-16	2555	527	84	13.747954173486088	VSR
2023-12-23	2489	447	102	18.579234972677597	VSR
2023-12-30	1803	357	53	12.926829268292684	VSR
2024-01-06	1886	427	29	6.359649122807018	VSR
2024-01-13	2309	476	18	3.643724696356275	VSR
2024-01-20	2392	441	18	3.9215686274509802	VSR
2024-01-27	2392	418	16	3.686635944700461	VSR
2024-02-03	3525	535	18	3.25497287522604	VSR
2024-02-10	5134	609	20	3.1796502384737675	VSR
2024-02-17	5457	535	27	4.804270462633451	VSR
2024-02-24	7573	766	36	4.488778054862843	VSR
2024-03-02	8283	824	55	6.257110352673492	VSR
2024-03-09	7733	850	66	7.20524017467249	VSR
2024-03-16	7695	834	82	8.951965065502183	VSR
2024-03-23	6906	877	107	10.873983739837398	VSR
2024-03-30	6632	805	110	12.021857923497267	VSR
2024-04-06	8475	1038	203	16.35777598710717	VSR
2024-04-13	8643	1065	199	15.74367088607595	VSR
2024-04-20	8355	1116	228	16.964285714285715	VSR
2024-04-27	9371	1272	267	17.348927875243664	VSR
2024-05-04	7960	1415	255	15.269461077844312	VSR
2024-05-11	7539	1481	205	12.158956109134046	VSR
2024-05-18	6889	1300	187	12.575655682582381	VSR
2024-05-25	6135	1322	224	14.489003880983182	VSR
2024-06-01	4604	1019	152	12.980358667805294	VSR
2024-06-08	5420	1230	218	15.05524861878453	VSR
2024-06-15	5971	1483	226	13.224107665301347	VSR
2024-06-22	5944	1486	199	11.810089020771514	VSR
2024-06-29	5562	1490	178	10.67146282973621	VSR
2024-07-06	4294	1147	103	8.24	VSR
2024-07-13	3225	792	84	9.58904109589041	VSR
2024-07-20	3545	854	76	8.172043010752688	VSR
2024-07-27	3725	686	64	8.533333333333333	VSR
2024-08-03	3193	721	43	5.6282722513089	VSR
2024-08-10	3990	779	31	3.8271604938271606	VSR
2024-08-17	4737	910	31	3.294367693942614	VSR
2024-08-24	7405	1290	32	2.4205748865355523	VSR
2024-08-31	6374	1039	17	1.6098484848484849	VSR
2024-09-07	6763	1015	23	2.2157996146435455	VSR
2024-09-14	6811	954	18	1.8518518518518516	VSR
2024-09-21	6023	882	9	1.0101010101010102	VSR
2024-09-28	6533	946	13	1.3555787278415017	VSR
2024-10-05	6025	938	4	0.42462845010615713	VSR
2024-10-12	5877	778	11	1.394169835234474	VSR
2024-10-19	5864	854	13	1.4994232987312572	VSR
2024-10-26	5311	784	8	1.0101010101010102	VSR
2024-11-02	5003	776	9	1.1464968152866242	VSR
2024-11-09	4344	598	13	2.127659574468085	VSR
2024-11-16	4600	670	21	3.039073806078148	VSR
2024-11-23	4471	675	19	2.7377521613832854	VSR
2024-11-30	4240	643	16	2.4279210925644916	VSR
2024-12-07	3707	569	22	3.7225042301184432	VSR
2024-12-14	3924	642	19	2.8744326777609683	VSR
2024-12-21	4260	610	34	5.279503105590062	VSR
2024-12-28	2840	397	27	6.367924528301887	VSR
2025-01-04	2403	301	14	4.444444444444445	VSR
2025-01-11	3192	433	20	4.415011037527594	VSR
2025-01-18	2884	357	13	3.5135135135135136	VSR
2025-01-25	2592	371	14	3.6363636363636362	VSR
2025-02-01	2579	392	20	4.854368932038835	VSR
2025-02-08	3333	429	32	6.941431670281996	VSR
2025-02-15	4347	493	51	9.375	VSR
2025-02-22	4837	537	50	8.517887563884157	VSR
2025-03-01	5012	590	56	8.6687306501548	VSR
2025-03-08	3872	438	74	14.453125	VSR
2025-03-15	4083	510	54	9.574468085106384	VSR
2025-03-22	3999	511	79	13.389830508474576	VSR
2025-03-29	4247	629	116	15.570469798657719	VSR
2025-04-05	143	7	4	36.36363636363637	VSR
2021-12-04	1909	0	0		RINO
2021-12-11	530	0	0		RINO
2021-12-18	1195	0	0		RINO
2021-12-25	1085	0	0		RINO
2022-01-01	9348	16	1	5.88235294117647	RINO
2022-01-08	104832	246	21	7.865168539325842	RINO
2022-01-15	75925	202	8	3.8095238095238098	RINO
2022-01-22	70368	158	13	7.602339181286549	RINO
2022-01-29	53751	98	9	8.411214953271028	RINO
2022-02-05	43323	71	5	6.578947368421052	RINO
2022-02-12	32770	57	8	12.307692307692308	RINO
2022-02-19	31833	58	34	36.95652173913043	RINO
2022-02-26	26207	48	42	46.666666666666664	RINO
2022-03-05	19830	46	28	37.83783783783784	RINO
2022-03-12	20688	50	27	35.064935064935064	RINO
2022-03-19	19235	43	27	38.57142857142858	RINO
2022-03-26	24716	61	41	40.19607843137255	RINO
2022-04-02	25438	50	77	60.629921259842526	RINO
2022-04-09	25353	59	40	40.4040404040404	RINO
2022-04-16	24533	83	40	32.52032520325203	RINO
2022-04-23	23309	107	45	29.605263157894733	RINO
2022-04-30	29369	87	38	30.4	RINO
2022-05-07	30141	105	46	30.4635761589404	RINO
2022-05-14	34905	128	62	32.631578947368425	RINO
2022-05-21	38855	101	74	42.285714285714285	RINO
2022-05-28	49368	114	58	33.72093023255814	RINO
2022-06-04	55200	143	71	33.177570093457945	RINO
2022-06-11	52584	162	54	25.0	RINO
2022-06-18	38061	149	43	22.395833333333336	RINO
2022-06-25	39753	146	51	25.888324873096447	RINO
2022-07-02	33173	122	37	23.270440251572328	RINO
2022-07-09	30667	119	20	14.388489208633093	RINO
2022-07-16	26384	86	22	20.37037037037037	RINO
2022-07-23	20237	59	17	22.36842105263158	RINO
2022-07-30	15846	73	19	20.652173913043477	RINO
2022-08-06	14301	66	21	24.137931034482758	RINO
2022-08-13	13587	72	26	26.53061224489796	RINO
2022-08-20	15042	66	32	32.6530612244898	RINO
2022-08-27	14096	72	43	37.391304347826086	RINO
2022-09-03	12945	90	34	27.419354838709676	RINO
2022-09-10	12664	73	33	31.132075471698112	RINO
2022-09-17	15060	119	45	27.439024390243905	RINO
2022-09-24	18487	131	45	25.568181818181817	RINO
2022-10-01	16267	146	60	29.126213592233007	RINO
2022-10-08	15329	139	66	32.19512195121951	RINO
2022-10-15	11795	109	36	24.82758620689655	RINO
2022-10-22	10892	107	37	25.694444444444443	RINO
2022-10-29	11658	99	49	33.108108108108105	RINO
2022-11-05	9509	106	41	27.89115646258503	RINO
2022-11-12	17630	130	53	28.96174863387978	RINO
2022-11-19	17941	143	53	27.040816326530614	RINO
2022-11-26	15955	143	33	18.75	RINO
2022-12-03	11628	97	33	25.384615384615383	RINO
2022-12-10	9060	107	36	25.174825174825177	RINO
2022-12-17	8444	100	22	18.0327868852459	RINO
2022-12-24	7920	79	36	31.30434782608696	RINO
2022-12-31	6369	60	19	24.050632911392405	RINO
2023-01-07	5518	71	9	11.25	RINO
2023-01-14	6494	64	12	15.789473684210526	RINO
2023-01-21	5948	50	8	13.793103448275861	RINO
2023-01-28	5548	45	18	28.57142857142857	RINO
2023-02-04	6613	48	18	27.27272727272727	RINO
2023-02-11	7936	52	30	36.58536585365854	RINO
2023-02-18	10709	62	39	38.613861386138616	RINO
2023-02-25	10659	52	26	33.33333333333333	RINO
2023-03-04	13936	89	28	23.931623931623932	RINO
2023-03-11	13775	80	29	26.605504587155966	RINO
2023-03-18	12308	68	39	36.44859813084112	RINO
2023-03-25	13334	82	35	29.914529914529915	RINO
2023-04-01	11549	97	36	27.06766917293233	RINO
2023-04-08	7168	76	34	30.909090909090907	RINO
2023-04-15	7259	56	28	33.33333333333333	RINO
2023-04-22	6798	75	14	15.730337078651685	RINO
2023-04-29	8189	82	33	28.695652173913043	RINO
2023-05-06	7777	73	18	19.78021978021978	RINO
2023-05-13	8236	87	21	19.444444444444446	RINO
2023-05-20	8098	102	28	21.53846153846154	RINO
2023-05-27	7932	89	36	28.799999999999997	RINO
2023-06-03	6030	86	32	27.11864406779661	RINO
2023-06-10	5389	104	29	21.804511278195488	RINO
2023-06-17	5106	98	29	22.83464566929134	RINO
2023-06-24	4733	91	24	20.869565217391305	RINO
2023-07-01	4691	80	31	27.927927927927925	RINO
2023-07-08	3728	52	34	39.53488372093023	RINO
2023-07-15	3326	44	15	25.423728813559322	RINO
2023-07-22	2524	44	17	27.86885245901639	RINO
2023-07-29	2502	43	12	21.818181818181817	RINO
2023-08-05	2538	51	18	26.08695652173913	RINO
2023-08-12	2619	44	20	31.25	RINO
2023-08-19	2885	51	31	37.80487804878049	RINO
2023-08-26	3398	39	37	48.68421052631579	RINO
2023-09-02	2993	46	30	39.473684210526315	RINO
2023-09-09	3032	66	29	30.526315789473685	RINO
2023-09-16	3791	65	19	22.61904761904762	RINO
2023-09-23	3858	67	14	17.28395061728395	RINO
2023-09-30	3859	81	21	20.588235294117645	RINO
2023-10-07	4137	56	14	20.0	RINO
2023-10-14	3690	195	32	14.096916299559473	RINO
2023-10-21	4664	290	23	7.348242811501597	RINO
2023-10-28	5020	300	30	9.090909090909092	RINO
2023-11-04	4144	125	20	13.793103448275861	RINO
2023-11-11	4807	90	15	14.285714285714285	RINO
2023-11-18	3217	63	22	25.882352941176475	RINO
2023-11-25	2959	127	22	14.76510067114094	RINO
2023-12-02	2819	80	13	13.978494623655912	RINO
2023-12-09	2765	77	23	23.0	RINO
2023-12-16	3030	96	40	29.411764705882355	RINO
2023-12-23	2946	71	21	22.82608695652174	RINO
2023-12-30	2112	85	16	15.841584158415841	RINO
2024-01-06	2238	95	9	8.653846153846153	RINO
2024-01-13	2670	111	22	16.541353383458645	RINO
2024-01-20	2757	85	9	9.574468085106384	RINO
2024-01-27	2713	104	9	7.964601769911504	RINO
2024-02-03	3949	113	16	12.4031007751938	RINO
2024-02-10	5626	113	24	17.51824817518248	RINO
2024-02-17	5895	96	28	22.58064516129032	RINO
2024-02-24	8182	153	40	20.72538860103627	RINO
2024-03-02	8948	157	57	26.635514018691588	RINO
2024-03-09	8471	140	38	21.34831460674157	RINO
2024-03-16	8404	147	60	28.985507246376812	RINO
2024-03-23	7655	173	62	26.382978723404253	RINO
2024-03-30	7306	181	60	24.896265560165975	RINO
2024-04-06	9419	230	67	22.55892255892256	RINO
2024-04-13	9581	234	92	28.22085889570552	RINO
2024-04-20	9359	247	93	27.35294117647059	RINO
2024-04-27	10511	285	114	28.57142857142857	RINO
2024-05-04	9160	312	158	33.61702127659574	RINO
2024-05-11	8762	327	136	29.373650107991363	RINO
2024-05-18	7944	315	117	27.083333333333332	RINO
2024-05-25	7253	273	155	36.21495327102804	RINO
2024-06-01	5405	226	144	38.91891891891892	RINO
2024-06-08	6479	250	139	35.732647814910024	RINO
2024-06-15	7220	266	194	42.173913043478265	RINO
2024-06-22	7190	265	174	39.63553530751708	RINO
2024-06-29	6811	267	152	36.27684964200477	RINO
2024-07-06	5229	208	107	33.96825396825397	RINO
2024-07-13	3880	164	57	25.791855203619914	RINO
2024-07-20	4262	152	61	28.638497652582164	RINO
2024-07-27	4278	152	45	22.84263959390863	RINO
2024-08-03	3748	168	41	19.617224880382775	RINO
2024-08-10	4587	153	60	28.169014084507044	RINO
2024-08-17	5447	144	87	37.66233766233766	RINO
2024-08-24	8371	224	132	37.07865168539326	RINO
2024-08-31	7117	213	100	31.948881789137378	RINO
2024-09-07	7474	238	89	27.217125382262996	RINO
2024-09-14	7522	174	87	33.33333333333333	RINO
2024-09-21	6663	179	72	28.68525896414343	RINO
2024-09-28	7222	194	76	28.14814814814815	RINO
2024-10-05	6708	187	72	27.7992277992278	RINO
2024-10-12	6427	169	70	29.288702928870293	RINO
2024-10-19	6491	163	77	32.083333333333336	RINO
2024-10-26	5870	160	73	31.330472103004293	RINO
2024-11-02	5587	140	61	30.34825870646766	RINO
2024-11-09	4860	64	31	32.631578947368425	RINO
2024-11-16	5204	52	35	40.229885057471265	RINO
2024-11-23	5056	75	34	31.19266055045872	RINO
2024-11-30	4796	70	33	32.038834951456316	RINO
2024-12-07	4218	51	29	36.25	RINO
2024-12-14	4499	61	25	29.069767441860467	RINO
2024-12-21	4809	68	27	28.421052631578945	RINO
2024-12-28	3218	38	8	17.391304347826086	RINO
2025-01-04	2688	23	7	23.333333333333332	RINO
2025-01-11	3597	44	4	8.333333333333332	RINO
2025-01-18	3202	44	8	15.384615384615385	RINO
2025-01-25	2918	48	11	18.64406779661017	RINO
2025-02-01	2935	49	7	12.5	RINO
2025-02-08	3733	45	16	26.229508196721312	RINO
2025-02-15	4827	45	19	29.6875	RINO
2025-02-22	5359	47	18	27.692307692307693	RINO
2025-03-01	5579	54	25	31.645569620253166	RINO
2025-03-08	4333	30	21	41.17647058823529	RINO
2025-03-15	4575	56	16	22.22222222222222	RINO
2025-03-22	4514	56	19	25.333333333333336	RINO
2025-03-29	4910	45	37	45.1219512195122	RINO
2025-04-05	154	0	0		RINO
2021-12-04	1909	0	0		META
2021-12-11	530	0	0		META
2021-12-18	1195	0	0		META
2021-12-25	1085	0	0		META
2022-01-01	9348	17	0	0.0	META
2022-01-08	104832	265	2	0.7490636704119851	META
2022-01-15	75925	207	3	1.4285714285714286	META
2022-01-22	70368	171	0	0.0	META
2022-01-29	53751	103	4	3.7383177570093453	META
2022-02-05	43323	74	2	2.631578947368421	META
2022-02-12	32770	63	2	3.076923076923077	META
2022-02-19	31833	90	2	2.1739130434782608	META
2022-02-26	26207	86	4	4.444444444444445	META
2022-03-05	19830	69	5	6.756756756756757	META
2022-03-12	20688	70	7	9.090909090909092	META
2022-03-19	19235	63	7	10.0	META
2022-03-26	24716	87	15	14.705882352941178	META
2022-04-02	25438	104	23	18.11023622047244	META
2022-04-09	25353	76	23	23.232323232323232	META
2022-04-16	24533	83	40	32.52032520325203	META
2022-04-23	23309	110	42	27.631578947368425	META
2022-04-30	29369	94	31	24.8	META
2022-05-07	30141	121	30	19.867549668874172	META
2022-05-14	34905	162	28	14.736842105263156	META
2022-05-21	38855	154	21	12.0	META
2022-05-28	49368	160	12	6.976744186046512	META
2022-06-04	55200	201	13	6.074766355140187	META
2022-06-11	52584	205	11	5.092592592592593	META
2022-06-18	38061	183	9	4.6875	META
2022-06-25	39753	192	5	2.5380710659898478	META
2022-07-02	33173	157	2	1.257861635220126	META
2022-07-09	30667	137	2	1.4388489208633095	META
2022-07-16	26384	106	2	1.8518518518518516	META
2022-07-23	20237	75	1	1.3157894736842104	META
2022-07-30	15846	91	1	1.0869565217391304	META
2022-08-06	14301	84	3	3.4482758620689653	META
2022-08-13	13587	98	0	0.0	META
2022-08-20	15042	95	3	3.061224489795918	META
2022-08-27	14096	115	0	0.0	META
2022-09-03	12945	123	1	0.8064516129032258	META
2022-09-10	12664	105	1	0.9433962264150944	META
2022-09-17	15060	164	0	0.0	META
2022-09-24	18487	175	1	0.5681818181818182	META
2022-10-01	16267	204	2	0.9708737864077669	META
2022-10-08	15329	203	2	0.975609756097561	META
2022-10-15	11795	142	3	2.0689655172413794	META
2022-10-22	10892	140	4	2.7777777777777777	META
2022-10-29	11658	140	8	5.405405405405405	META
2022-11-05	9509	146	1	0.6802721088435374	META
2022-11-12	17630	177	6	3.278688524590164	META
2022-11-19	17941	186	10	5.1020408163265305	META
2022-11-26	15955	170	6	3.4090909090909087	META
2022-12-03	11628	127	3	2.307692307692308	META
2022-12-10	9060	140	3	2.097902097902098	META
2022-12-17	8444	117	5	4.098360655737705	META
2022-12-24	7920	109	6	5.217391304347826	META
2022-12-31	6369	73	6	7.59493670886076	META
2023-01-07	5518	77	3	3.75	META
2023-01-14	6494	74	2	2.631578947368421	META
2023-01-21	5948	53	5	8.620689655172415	META
2023-01-28	5548	60	3	4.761904761904762	META
2023-02-04	6613	63	3	4.545454545454546	META
2023-02-11	7936	78	4	4.878048780487805	META
2023-02-18	10709	100	1	0.9900990099009901	META
2023-02-25	10659	71	7	8.974358974358974	META
2023-03-04	13936	109	8	6.837606837606838	META
2023-03-11	13775	101	8	7.339449541284404	META
2023-03-18	12308	99	8	7.476635514018691	META
2023-03-25	13334	107	10	8.547008547008547	META
2023-04-01	11549	128	5	3.7593984962406015	META
2023-04-08	7168	105	5	4.545454545454546	META
2023-04-15	7259	77	7	8.333333333333332	META
2023-04-22	6798	85	4	4.49438202247191	META
2023-04-29	8189	104	11	9.565217391304348	META
2023-05-06	7777	82	9	9.89010989010989	META
2023-05-13	8236	99	9	8.333333333333332	META
2023-05-20	8098	118	12	9.230769230769232	META
2023-05-27	7932	121	4	3.2	META
2023-06-03	6030	110	8	6.779661016949152	META
2023-06-10	5389	123	10	7.518796992481203	META
2023-06-17	5106	119	8	6.299212598425196	META
2023-06-24	4733	109	6	5.217391304347826	META
2023-07-01	4691	96	15	13.513513513513514	META
2023-07-08	3728	76	10	11.627906976744185	META
2023-07-15	3326	57	2	3.389830508474576	META
2023-07-22	2524	57	4	6.557377049180328	META
2023-07-29	2502	54	1	1.8181818181818181	META
2023-08-05	2538	63	6	8.695652173913043	META
2023-08-12	2619	59	5	7.8125	META
2023-08-19	2885	78	4	4.878048780487805	META
2023-08-26	3398	74	2	2.631578947368421	META
2023-09-02	2993	72	4	5.263157894736842	META
2023-09-09	3032	92	3	3.1578947368421053	META
2023-09-16	3791	75	9	10.714285714285714	META
2023-09-23	3858	75	6	7.4074074074074066	META
2023-09-30	3859	99	3	2.941176470588235	META
2023-10-07	4137	66	4	5.714285714285714	META
2023-10-14	3690	227	0	0.0	META
2023-10-21	4664	303	10	3.1948881789137378	META
2023-10-28	5020	319	11	3.3333333333333335	META
2023-11-04	4144	140	5	3.4482758620689653	META
2023-11-11	4807	100	5	4.761904761904762	META
2023-11-18	3217	82	3	3.5294117647058822	META
2023-11-25	2959	145	4	2.684563758389262	META
2023-12-02	2819	88	5	5.376344086021505	META
2023-12-09	2765	95	5	5.0	META
2023-12-16	3030	135	1	0.7352941176470588	META
2023-12-23	2946	91	1	1.0869565217391304	META
2023-12-30	2112	96	5	4.9504950495049505	META
2024-01-06	2238	101	3	2.8846153846153846	META
2024-01-13	2670	133	0	0.0	META
2024-01-20	2757	94	0	0.0	META
2024-01-27	2713	112	1	0.8849557522123894	META
2024-02-03	3949	124	5	3.875968992248062	META
2024-02-10	5626	136	1	0.7299270072992701	META
2024-02-17	5895	123	1	0.8064516129032258	META
2024-02-24	8182	192	1	0.5181347150259068	META
2024-03-02	8948	210	4	1.8691588785046727	META
2024-03-09	8471	176	2	1.1235955056179776	META
2024-03-16	8404	204	3	1.4492753623188406	META
2024-03-23	7655	227	8	3.404255319148936	META
2024-03-30	7306	235	6	2.4896265560165975	META
2024-04-06	9419	288	9	3.0303030303030303	META
2024-04-13	9581	316	10	3.067484662576687	META
2024-04-20	9359	333	7	2.0588235294117645	META
2024-04-27	10511	391	8	2.0050125313283207	META
2024-05-04	9160	458	12	2.553191489361702	META
2024-05-11	8762	457	6	1.2958963282937366	META
2024-05-18	7944	418	14	3.2407407407407405	META
2024-05-25	7253	411	17	3.9719626168224296	META
2024-06-01	5405	360	10	2.7027027027027026	META
2024-06-08	6479	371	18	4.627249357326478	META
2024-06-15	7220	427	33	7.173913043478261	META
2024-06-22	7190	404	35	7.972665148063782	META
2024-06-29	6811	389	30	7.159904534606206	META
2024-07-06	5229	303	12	3.8095238095238098	META
2024-07-13	3880	201	20	9.049773755656108	META
2024-07-20	4262	198	15	7.042253521126761	META
2024-07-27	4278	181	16	8.121827411167512	META
2024-08-03	3748	195	14	6.698564593301436	META
2024-08-10	4587	193	20	9.389671361502346	META
2024-08-17	5447	211	20	8.658008658008658	META
2024-08-24	8371	327	29	8.146067415730338	META
2024-08-31	7117	301	12	3.8338658146964857	META
2024-09-07	7474	306	21	6.422018348623854	META
2024-09-14	7522	235	26	9.961685823754788	META
2024-09-21	6663	233	18	7.171314741035857	META
2024-09-28	7222	239	31	11.481481481481481	META
2024-10-05	6708	228	31	11.96911196911197	META
2024-10-12	6427	218	21	8.786610878661087	META
2024-10-19	6491	214	26	10.833333333333334	META
2024-10-26	5870	207	26	11.158798283261802	META
2024-11-02	5587	179	22	10.945273631840797	META
2024-11-09	4860	89	6	6.315789473684211	META
2024-11-16	5204	78	9	10.344827586206897	META
2024-11-23	5056	95	14	12.844036697247708	META
2024-11-30	4796	95	8	7.766990291262135	META
2024-12-07	4218	71	9	11.25	META
2024-12-14	4499	78	8	9.30232558139535	META
2024-12-21	4809	89	6	6.315789473684211	META
2024-12-28	3218	41	5	10.869565217391305	META
2025-01-04	2688	26	4	13.333333333333334	META
2025-01-11	3597	45	3	6.25	META
2025-01-18	3202	50	2	3.8461538461538463	META
2025-01-25	2918	58	1	1.694915254237288	META
2025-02-01	2935	55	1	1.7857142857142856	META
2025-02-08	3733	60	1	1.639344262295082	META
2025-02-15	4827	64	0	0.0	META
2025-02-22	5359	62	3	4.615384615384616	META
2025-03-01	5579	79	0	0.0	META
2025-03-08	4333	51	0	0.0	META
2025-03-15	4575	71	1	1.3888888888888888	META
2025-03-22	4514	75	0	0.0	META
2025-03-29	4910	82	0	0.0	META
2025-04-05	154	0	0		META
2021-12-04	1909	0	0		PARA
2021-12-11	530	0	0		PARA
2021-12-18	1195	0	0		PARA
2021-12-25	1085	0	0		PARA
2022-01-01	9348	16	1	5.88235294117647	PARA
2022-01-08	104832	261	6	2.247191011235955	PARA
2022-01-15	75925	203	7	3.3333333333333335	PARA
2022-01-22	70368	165	6	3.508771929824561	PARA
2022-01-29	53751	104	3	2.803738317757009	PARA
2022-02-05	43323	74	2	2.631578947368421	PARA
2022-02-12	32770	64	1	1.5384615384615385	PARA
2022-02-19	31833	91	1	1.0869565217391304	PARA
2022-02-26	26207	87	3	3.3333333333333335	PARA
2022-03-05	19830	72	2	2.7027027027027026	PARA
2022-03-12	20688	75	2	2.5974025974025974	PARA
2022-03-19	19235	68	2	2.857142857142857	PARA
2022-03-26	24716	101	1	0.9803921568627451	PARA
2022-04-02	25438	122	5	3.937007874015748	PARA
2022-04-09	25353	96	3	3.0303030303030303	PARA
2022-04-16	24533	115	8	6.504065040650407	PARA
2022-04-23	23309	135	17	11.18421052631579	PARA
2022-04-30	29369	115	10	8.0	PARA
2022-05-07	30141	142	9	5.960264900662252	PARA
2022-05-14	34905	179	11	5.7894736842105265	PARA
2022-05-21	38855	156	19	10.857142857142858	PARA
2022-05-28	49368	139	33	19.186046511627907	PARA
2022-06-04	55200	174	40	18.69158878504673	PARA
2022-06-11	52584	184	32	14.814814814814813	PARA
2022-06-18	38061	173	19	9.895833333333332	PARA
2022-06-25	39753	175	22	11.16751269035533	PARA
2022-07-02	33173	148	11	6.918238993710692	PARA
2022-07-09	30667	130	9	6.474820143884892	PARA
2022-07-16	26384	101	7	6.481481481481481	PARA
2022-07-23	20237	73	3	3.9473684210526314	PARA
2022-07-30	15846	87	5	5.434782608695652	PARA
2022-08-06	14301	81	6	6.896551724137931	PARA
2022-08-13	13587	94	4	4.081632653061225	PARA
2022-08-20	15042	94	4	4.081632653061225	PARA
2022-08-27	14096	109	6	5.217391304347826	PARA
2022-09-03	12945	120	4	3.225806451612903	PARA
2022-09-10	12664	101	5	4.716981132075472	PARA
2022-09-17	15060	158	6	3.6585365853658534	PARA
2022-09-24	18487	167	9	5.113636363636364	PARA
2022-10-01	16267	198	8	3.8834951456310676	PARA
2022-10-08	15329	195	10	4.878048780487805	PARA
2022-10-15	11795	132	13	8.96551724137931	PARA
2022-10-22	10892	133	11	7.638888888888889	PARA
2022-10-29	11658	135	13	8.783783783783784	PARA
2022-11-05	9509	138	9	6.122448979591836	PARA
2022-11-12	17630	173	10	5.46448087431694	PARA
2022-11-19	17941	185	11	5.612244897959184	PARA
2022-11-26	15955	164	12	6.8181818181818175	PARA
2022-12-03	11628	120	10	7.6923076923076925	PARA
2022-12-10	9060	133	10	6.993006993006993	PARA
2022-12-17	8444	109	13	10.655737704918032	PARA
2022-12-24	7920	109	6	5.217391304347826	PARA
2022-12-31	6369	75	4	5.063291139240507	PARA
2023-01-07	5518	75	5	6.25	PARA
2023-01-14	6494	69	7	9.210526315789473	PARA
2023-01-21	5948	52	6	10.344827586206897	PARA
2023-01-28	5548	61	2	3.1746031746031744	PARA
2023-02-04	6613	62	4	6.0606060606060606	PARA
2023-02-11	7936	76	6	7.317073170731707	PARA
2023-02-18	10709	98	3	2.9702970297029703	PARA
2023-02-25	10659	74	4	5.128205128205128	PARA
2023-03-04	13936	106	11	9.401709401709402	PARA
2023-03-11	13775	102	7	6.422018348623854	PARA
2023-03-18	12308	101	6	5.607476635514018	PARA
2023-03-25	13334	107	10	8.547008547008547	PARA
2023-04-01	11549	123	10	7.518796992481203	PARA
2023-04-08	7168	105	5	4.545454545454546	PARA
2023-04-15	7259	71	13	15.476190476190476	PARA
2023-04-22	6798	79	10	11.235955056179774	PARA
2023-04-29	8189	105	10	8.695652173913043	PARA
2023-05-06	7777	87	4	4.395604395604396	PARA
2023-05-13	8236	105	3	2.7777777777777777	PARA
2023-05-20	8098	115	15	11.538461538461538	PARA
2023-05-27	7932	115	10	8.0	PARA
2023-06-03	6030	111	7	5.932203389830509	PARA
2023-06-10	5389	126	7	5.263157894736842	PARA
2023-06-17	5106	122	5	3.937007874015748	PARA
2023-06-24	4733	112	3	2.608695652173913	PARA
2023-07-01	4691	101	10	9.00900900900901	PARA
2023-07-08	3728	83	3	3.488372093023256	PARA
2023-07-15	3326	57	2	3.389830508474576	PARA
2023-07-22	2524	56	5	8.19672131147541	PARA
2023-07-29	2502	52	3	5.454545454545454	PARA
2023-08-05	2538	65	4	5.797101449275362	PARA
2023-08-12	2619	62	2	3.125	PARA
2023-08-19	2885	78	4	4.878048780487805	PARA
2023-08-26	3398	72	4	5.263157894736842	PARA
2023-09-02	2993	75	1	1.3157894736842104	PARA
2023-09-09	3032	88	7	7.368421052631578	PARA
2023-09-16	3791	79	5	5.952380952380952	PARA
2023-09-23	3858	76	5	6.172839506172839	PARA
2023-09-30	3859	98	4	3.9215686274509802	PARA
2023-10-07	4137	61	9	12.857142857142856	PARA
2023-10-14	3690	214	13	5.726872246696035	PARA
2023-10-21	4664	292	21	6.7092651757188495	PARA
2023-10-28	5020	312	18	5.454545454545454	PARA
2023-11-04	4144	128	17	11.724137931034482	PARA
2023-11-11	4807	92	13	12.380952380952381	PARA
2023-11-18	3217	76	9	10.588235294117647	PARA
2023-11-25	2959	123	26	17.449664429530202	PARA
2023-12-02	2819	82	11	11.827956989247312	PARA
2023-12-09	2765	89	11	11.0	PARA
2023-12-16	3030	124	12	8.823529411764707	PARA
2023-12-23	2946	83	9	9.782608695652174	PARA
2023-12-30	2112	93	8	7.920792079207921	PARA
2024-01-06	2238	95	9	8.653846153846153	PARA
2024-01-13	2670	118	15	11.278195488721805	PARA
2024-01-20	2757	88	6	6.382978723404255	PARA
2024-01-27	2713	104	9	7.964601769911504	PARA
2024-02-03	3949	126	3	2.3255813953488373	PARA
2024-02-10	5626	130	7	5.109489051094891	PARA
2024-02-17	5895	121	3	2.4193548387096775	PARA
2024-02-24	8182	181	12	6.217616580310881	PARA
2024-03-02	8948	196	18	8.411214953271028	PARA
2024-03-09	8471	164	14	7.865168539325842	PARA
2024-03-16	8404	191	16	7.729468599033816	PARA
2024-03-23	7655	217	18	7.659574468085106	PARA
2024-03-30	7306	211	30	12.448132780082988	PARA
2024-04-06	9419	274	23	7.744107744107744	PARA
2024-04-13	9581	299	27	8.282208588957054	PARA
2024-04-20	9359	315	25	7.352941176470589	PARA
2024-04-27	10511	369	30	7.518796992481203	PARA
2024-05-04	9160	443	27	5.74468085106383	PARA
2024-05-11	8762	423	40	8.639308855291576	PARA
2024-05-18	7944	412	20	4.62962962962963	PARA
2024-05-25	7253	396	32	7.476635514018691	PARA
2024-06-01	5405	355	15	4.054054054054054	PARA
2024-06-08	6479	367	22	5.655526992287918	PARA
2024-06-15	7220	436	24	5.217391304347826	PARA
2024-06-22	7190	417	22	5.0113895216400905	PARA
2024-06-29	6811	406	13	3.1026252983293556	PARA
2024-07-06	5229	300	15	4.761904761904762	PARA
2024-07-13	3880	211	10	4.524886877828054	PARA
2024-07-20	4262	208	5	2.3474178403755865	PARA
2024-07-27	4278	185	12	6.091370558375635	PARA
2024-08-03	3748	207	2	0.9569377990430622	PARA
2024-08-10	4587	212	1	0.4694835680751174	PARA
2024-08-17	5447	226	5	2.1645021645021645	PARA
2024-08-24	8371	350	6	1.6853932584269662	PARA
2024-08-31	7117	305	8	2.5559105431309903	PARA
2024-09-07	7474	319	8	2.4464831804281344	PARA
2024-09-14	7522	250	11	4.21455938697318	PARA
2024-09-21	6663	244	7	2.788844621513944	PARA
2024-09-28	7222	262	8	2.9629629629629632	PARA
2024-10-05	6708	246	13	5.019305019305019	PARA
2024-10-12	6427	227	12	5.02092050209205	PARA
2024-10-19	6491	220	20	8.333333333333332	PARA
2024-10-26	5870	216	17	7.296137339055794	PARA
2024-11-02	5587	187	14	6.965174129353234	PARA
2024-11-09	4860	88	7	7.368421052631578	PARA
2024-11-16	5204	79	8	9.195402298850574	PARA
2024-11-23	5056	101	8	7.339449541284404	PARA
2024-11-30	4796	88	15	14.563106796116504	PARA
2024-12-07	4218	75	5	6.25	PARA
2024-12-14	4499	81	5	5.813953488372093	PARA
2024-12-21	4809	85	10	10.526315789473683	PARA
2024-12-28	3218	42	4	8.695652173913043	PARA
2025-01-04	2688	27	3	10.0	PARA
2025-01-11	3597	46	2	4.166666666666666	PARA
2025-01-18	3202	51	1	1.9230769230769231	PARA
2025-01-25	2918	57	2	3.389830508474576	PARA
2025-02-01	2935	55	1	1.7857142857142856	PARA
2025-02-08	3733	56	5	8.19672131147541	PARA
2025-02-15	4827	62	2	3.125	PARA
2025-02-22	5359	60	5	7.6923076923076925	PARA
2025-03-01	5579	71	8	10.126582278481013	PARA
2025-03-08	4333	45	6	11.76470588235294	PARA
2025-03-15	4575	65	7	9.722222222222223	PARA
2025-03-22	4514	68	7	9.333333333333334	PARA
2025-03-29	4910	73	9	10.975609756097562	PARA
2025-04-05	154	0	0		PARA
2021-12-04	1909	0	0		ADENO
2021-12-11	530	0	0		ADENO
2021-12-18	1195	0	0		ADENO
2021-12-25	1085	0	0		ADENO
2022-01-01	9348	17	0	0.0	ADENO
2022-01-08	104832	265	2	0.7490636704119851	ADENO
2022-01-15	75925	208	2	0.9523809523809524	ADENO
2022-01-22	70368	167	4	2.3391812865497075	ADENO
2022-01-29	53751	106	1	0.9345794392523363	ADENO
2022-02-05	43323	72	4	5.263157894736842	ADENO
2022-02-12	32770	65	0	0.0	ADENO
2022-02-19	31833	88	4	4.3478260869565215	ADENO
2022-02-26	26207	88	2	2.2222222222222223	ADENO
2022-03-05	19830	71	3	4.054054054054054	ADENO
2022-03-12	20688	74	3	3.896103896103896	ADENO
2022-03-19	19235	65	5	7.142857142857142	ADENO
2022-03-26	24716	94	8	7.8431372549019605	ADENO
2022-04-02	25438	117	10	7.874015748031496	ADENO
2022-04-09	25353	94	5	5.05050505050505	ADENO
2022-04-16	24533	112	11	8.94308943089431	ADENO
2022-04-23	23309	144	8	5.263157894736842	ADENO
2022-04-30	29369	117	8	6.4	ADENO
2022-05-07	30141	145	6	3.9735099337748347	ADENO
2022-05-14	34905	171	19	10.0	ADENO
2022-05-21	38855	158	17	9.714285714285714	ADENO
2022-05-28	49368	155	17	9.883720930232558	ADENO
2022-06-04	55200	187	27	12.616822429906541	ADENO
2022-06-11	52584	183	33	15.277777777777779	ADENO
2022-06-18	38061	154	38	19.791666666666664	ADENO
2022-06-25	39753	157	40	20.304568527918782	ADENO
2022-07-02	33173	127	32	20.125786163522015	ADENO
2022-07-09	30667	110	29	20.863309352517987	ADENO
2022-07-16	26384	85	23	21.296296296296298	ADENO
2022-07-23	20237	56	20	26.31578947368421	ADENO
2022-07-30	15846	64	28	30.434782608695656	ADENO
2022-08-06	14301	64	23	26.436781609195403	ADENO
2022-08-13	13587	73	25	25.510204081632654	ADENO
2022-08-20	15042	69	29	29.591836734693878	ADENO
2022-08-27	14096	85	30	26.08695652173913	ADENO
2022-09-03	12945	96	28	22.58064516129032	ADENO
2022-09-10	12664	74	32	30.18867924528302	ADENO
2022-09-17	15060	108	56	34.146341463414636	ADENO
2022-09-24	18487	142	34	19.318181818181817	ADENO
2022-10-01	16267	153	53	25.728155339805824	ADENO
2022-10-08	15329	156	49	23.902439024390244	ADENO
2022-10-15	11795	110	35	24.137931034482758	ADENO
2022-10-22	10892	115	29	20.13888888888889	ADENO
2022-10-29	11658	119	29	19.594594594594593	ADENO
2022-11-05	9509	124	23	15.646258503401361	ADENO
2022-11-12	17630	162	21	11.475409836065573	ADENO
2022-11-19	17941	172	24	12.244897959183673	ADENO
2022-11-26	15955	166	10	5.681818181818182	ADENO
2022-12-03	11628	114	16	12.307692307692308	ADENO
2022-12-10	9060	130	13	9.090909090909092	ADENO
2022-12-17	8444	109	13	10.655737704918032	ADENO
2022-12-24	7920	107	8	6.956521739130435	ADENO
2022-12-31	6369	74	5	6.329113924050633	ADENO
2023-01-07	5518	76	4	5.0	ADENO
2023-01-14	6494	68	8	10.526315789473683	ADENO
2023-01-21	5948	57	1	1.7241379310344827	ADENO
2023-01-28	5548	63	0	0.0	ADENO
2023-02-04	6613	65	1	1.5151515151515151	ADENO
2023-02-11	7936	80	2	2.4390243902439024	ADENO
2023-02-18	10709	98	3	2.9702970297029703	ADENO
2023-02-25	10659	75	3	3.8461538461538463	ADENO
2023-03-04	13936	114	3	2.564102564102564	ADENO
2023-03-11	13775	104	5	4.587155963302752	ADENO
2023-03-18	12308	104	3	2.803738317757009	ADENO
2023-03-25	13334	110	7	5.982905982905983	ADENO
2023-04-01	11549	127	6	4.511278195488721	ADENO
2023-04-08	7168	107	3	2.727272727272727	ADENO
2023-04-15	7259	81	3	3.571428571428571	ADENO
2023-04-22	6798	83	6	6.741573033707865	ADENO
2023-04-29	8189	108	7	6.086956521739131	ADENO
2023-05-06	7777	87	4	4.395604395604396	ADENO
2023-05-13	8236	105	3	2.7777777777777777	ADENO
2023-05-20	8098	125	5	3.8461538461538463	ADENO
2023-05-27	7932	121	4	3.2	ADENO
2023-06-03	6030	116	2	1.694915254237288	ADENO
2023-06-10	5389	130	3	2.2556390977443606	ADENO
2023-06-17	5106	125	2	1.574803149606299	ADENO
2023-06-24	4733	111	4	3.4782608695652173	ADENO
2023-07-01	4691	105	6	5.405405405405405	ADENO
2023-07-08	3728	82	4	4.651162790697675	ADENO
2023-07-15	3326	58	1	1.694915254237288	ADENO
2023-07-22	2524	58	3	4.918032786885246	ADENO
2023-07-29	2502	53	2	3.6363636363636362	ADENO
2023-08-05	2538	68	1	1.4492753623188406	ADENO
2023-08-12	2619	62	2	3.125	ADENO
2023-08-19	2885	80	2	2.4390243902439024	ADENO
2023-08-26	3398	72	4	5.263157894736842	ADENO
2023-09-02	2993	75	1	1.3157894736842104	ADENO
2023-09-09	3032	88	7	7.368421052631578	ADENO
2023-09-16	3791	80	4	4.761904761904762	ADENO
2023-09-23	3858	78	3	3.7037037037037033	ADENO
2023-09-30	3859	93	9	8.823529411764707	ADENO
2023-10-07	4137	63	7	10.0	ADENO
2023-10-14	3690	220	7	3.0837004405286343	ADENO
2023-10-21	4664	307	6	1.9169329073482428	ADENO
2023-10-28	5020	329	1	0.30303030303030304	ADENO
2023-11-04	4144	143	2	1.3793103448275863	ADENO
2023-11-11	4807	101	4	3.8095238095238098	ADENO
2023-11-18	3217	81	4	4.705882352941177	ADENO
2023-11-25	2959	142	7	4.697986577181208	ADENO
2023-12-02	2819	88	5	5.376344086021505	ADENO
2023-12-09	2765	89	11	11.0	ADENO
2023-12-16	3030	130	6	4.411764705882353	ADENO
2023-12-23	2946	90	2	2.1739130434782608	ADENO
2023-12-30	2112	98	3	2.9702970297029703	ADENO
2024-01-06	2230	110	2	1.7857142857142856	ADENO
2024-01-13	2657	143	3	2.054794520547945	ADENO
2024-01-20	2741	105	5	4.545454545454546	ADENO
2024-01-27	2696	125	5	3.8461538461538463	ADENO
2024-02-03	3944	131	3	2.2388059701492535	ADENO
2024-02-10	5613	145	5	3.3333333333333335	ADENO
2024-02-17	5884	131	4	2.9629629629629632	ADENO
2024-02-24	8168	200	7	3.3816425120772946	ADENO
2024-03-02	8930	225	7	3.0172413793103448	ADENO
2024-03-09	8456	190	3	1.5544041450777202	ADENO
2024-03-16	8390	213	8	3.619909502262444	ADENO
2024-03-23	7634	248	8	3.125	ADENO
2024-03-30	7283	242	22	8.333333333333332	ADENO
2024-04-06	9397	304	15	4.702194357366771	ADENO
2024-04-13	9573	316	18	5.389221556886228	ADENO
2024-04-20	9332	344	23	6.267029972752043	ADENO
2024-04-27	10502	389	19	4.6568627450980395	ADENO
2024-05-04	9140	465	25	5.1020408163265305	ADENO
2024-05-11	8745	460	20	4.166666666666666	ADENO
2024-05-18	7928	421	27	6.026785714285714	ADENO
2024-05-25	7237	429	15	3.3783783783783785	ADENO
2024-06-01	5390	361	24	6.233766233766234	ADENO
2024-06-08	6477	382	9	2.3017902813299234	ADENO
2024-06-15	7218	445	17	3.67965367965368	ADENO
2024-06-22	7185	420	24	5.405405405405405	ADENO
2024-06-29	6805	398	27	6.352941176470588	ADENO
2024-07-06	5222	300	22	6.832298136645963	ADENO
2024-07-13	3871	219	11	4.782608695652174	ADENO
2024-07-20	4254	205	16	7.239819004524888	ADENO
2024-07-27	4273	186	16	7.920792079207921	ADENO
2024-08-03	3741	204	12	5.555555555555555	ADENO
2024-08-10	4578	211	11	4.954954954954955	ADENO
2024-08-17	5441	219	18	7.59493670886076	ADENO
2024-08-24	8363	346	18	4.945054945054945	ADENO
2024-08-31	7111	296	23	7.210031347962382	ADENO
2024-09-07	7466	315	20	5.970149253731343	ADENO
2024-09-14	7516	247	20	7.490636704119851	ADENO
2024-09-21	6654	233	27	10.384615384615385	ADENO
2024-09-28	7214	261	17	6.115107913669065	ADENO
2024-10-05	6704	243	20	7.604562737642586	ADENO
2024-10-12	6417	227	22	8.835341365461847	ADENO
2024-10-19	6485	230	16	6.504065040650407	ADENO
2024-10-26	5865	223	15	6.302521008403361	ADENO
2024-11-02	5580	184	24	11.538461538461538	ADENO
2024-11-09	4851	95	9	8.653846153846153	ADENO
2024-11-16	5197	85	9	9.574468085106384	ADENO
2024-11-23	5048	105	12	10.256410256410255	ADENO
2024-11-30	4790	100	9	8.256880733944955	ADENO
2024-12-07	4204	87	7	7.446808510638298	ADENO
2024-12-14	4496	82	7	7.865168539325842	ADENO
2024-12-21	4803	97	4	3.9603960396039604	ADENO
2024-12-28	3218	45	1	2.1739130434782608	ADENO
2025-01-04	2686	30	2	6.25	ADENO
2025-01-11	3587	57	1	1.7241379310344827	ADENO
2025-01-18	3192	60	2	3.225806451612903	ADENO
2025-01-25	2913	60	4	6.25	ADENO
2025-02-01	2931	56	4	6.666666666666667	ADENO
2025-02-08	3724	64	6	8.571428571428571	ADENO
2025-02-15	4823	67	1	1.4705882352941175	ADENO
2025-02-22	5350	69	5	6.756756756756757	ADENO
2025-03-01	5573	84	1	1.1764705882352942	ADENO
2025-03-08	4331	50	3	5.660377358490567	ADENO
2025-03-15	4567	78	2	2.5	ADENO
2025-03-22	4501	82	6	6.8181818181818175	ADENO
2025-03-29	4907	78	7	8.235294117647058	ADENO
2025-04-05	154	0	0		ADENO
2021-12-04	1909	0	0		BOCA
2021-12-11	530	0	0		BOCA
2021-12-18	1195	0	0		BOCA
2021-12-25	1085	0	0		BOCA
2022-01-01	9365	0	0		BOCA
2022-01-08	105099	0	0		BOCA
2022-01-15	76135	0	0		BOCA
2022-01-22	70539	0	0		BOCA
2022-01-29	53858	0	0		BOCA
2022-02-05	43399	0	0		BOCA
2022-02-12	32835	0	0		BOCA
2022-02-19	31925	0	0		BOCA
2022-02-26	26297	0	0		BOCA
2022-03-05	19904	0	0		BOCA
2022-03-12	20765	0	0		BOCA
2022-03-19	19305	0	0		BOCA
2022-03-26	24818	0	0		BOCA
2022-04-02	25565	0	0		BOCA
2022-04-09	25452	0	0		BOCA
2022-04-16	24656	0	0		BOCA
2022-04-23	23461	0	0		BOCA
2022-04-30	29494	0	0		BOCA
2022-05-07	30292	0	0		BOCA
2022-05-14	35095	0	0		BOCA
2022-05-21	39030	0	0		BOCA
2022-05-28	49540	0	0		BOCA
2022-06-04	55414	0	0		BOCA
2022-06-11	52800	0	0		BOCA
2022-06-18	38253	0	0		BOCA
2022-06-25	39950	0	0		BOCA
2022-07-02	33332	0	0		BOCA
2022-07-09	30806	0	0		BOCA
2022-07-16	26492	0	0		BOCA
2022-07-23	20313	0	0		BOCA
2022-07-30	15938	0	0		BOCA
2022-08-06	14388	0	0		BOCA
2022-08-13	13685	0	0		BOCA
2022-08-20	15140	0	0		BOCA
2022-08-27	14211	0	0		BOCA
2022-09-03	13069	0	0		BOCA
2022-09-10	12770	0	0		BOCA
2022-09-17	15224	0	0		BOCA
2022-09-24	18663	0	0		BOCA
2022-10-01	16473	0	0		BOCA
2022-10-08	15534	0	0		BOCA
2022-10-15	11940	0	0		BOCA
2022-10-22	11036	0	0		BOCA
2022-10-29	11806	0	0		BOCA
2022-11-05	9656	0	0		BOCA
2022-11-12	17813	0	0		BOCA
2022-11-19	18137	0	0		BOCA
2022-11-26	16131	0	0		BOCA
2022-12-03	11758	0	0		BOCA
2022-12-10	9203	0	0		BOCA
2022-12-17	8566	0	0		BOCA
2022-12-24	8035	0	0		BOCA
2022-12-31	6448	0	0		BOCA
2023-01-07	5598	0	0		BOCA
2023-01-14	6570	0	0		BOCA
2023-01-21	6006	0	0		BOCA
2023-01-28	5611	0	0		BOCA
2023-02-04	6679	0	0		BOCA
2023-02-11	8018	0	0		BOCA
2023-02-18	10810	0	0		BOCA
2023-02-25	10737	0	0		BOCA
2023-03-04	14053	0	0		BOCA
2023-03-11	13884	0	0		BOCA
2023-03-18	12415	0	0		BOCA
2023-03-25	13451	0	0		BOCA
2023-04-01	11682	0	0		BOCA
2023-04-08	7278	0	0		BOCA
2023-04-15	7343	0	0		BOCA
2023-04-22	6887	0	0		BOCA
2023-04-29	8304	0	0		BOCA
2023-05-06	7867	1	0	0.0	BOCA
2023-05-13	8344	0	0		BOCA
2023-05-20	8228	0	0		BOCA
2023-05-27	8057	0	0		BOCA
2023-06-03	6148	0	0		BOCA
2023-06-10	5522	0	0		BOCA
2023-06-17	5233	0	0		BOCA
2023-06-24	4848	0	0		BOCA
2023-07-01	4802	0	0		BOCA
2023-07-08	3814	0	0		BOCA
2023-07-15	3385	0	0		BOCA
2023-07-22	2585	0	0		BOCA
2023-07-29	2557	0	0		BOCA
2023-08-05	2607	0	0		BOCA
2023-08-12	2682	1	0	0.0	BOCA
2023-08-19	2967	0	0		BOCA
2023-08-26	3474	0	0		BOCA
2023-09-02	3069	0	0		BOCA
2023-09-09	3127	0	0		BOCA
2023-09-16	3875	0	0		BOCA
2023-09-23	3939	0	0		BOCA
2023-09-30	3961	0	0		BOCA
2023-10-07	4207	0	0		BOCA
2023-10-14	3764	153	0	0.0	BOCA
2023-10-21	4765	210	2	0.9433962264150944	BOCA
2023-10-28	5121	228	1	0.43668122270742354	BOCA
2023-11-04	4226	62	1	1.5873015873015872	BOCA
2023-11-11	4912	0	0		BOCA
2023-11-18	3302	0	0		BOCA
2023-11-25	3034	71	3	4.054054054054054	BOCA
2023-12-02	2912	0	0		BOCA
2023-12-09	2865	0	0		BOCA
2023-12-16	3166	0	0		BOCA
2023-12-23	3038	0	0		BOCA
2023-12-30	2213	0	0		BOCA
2024-01-06	2342	0	0		BOCA
2024-01-13	2803	0	0		BOCA
2024-01-20	2851	0	0		BOCA
2024-01-27	2825	1	0	0.0	BOCA
2024-02-03	4078	0	0		BOCA
2024-02-10	5762	1	0	0.0	BOCA
2024-02-17	6019	0	0		BOCA
2024-02-24	8374	1	0	0.0	BOCA
2024-03-02	9160	2	0	0.0	BOCA
2024-03-09	8649	0	0		BOCA
2024-03-16	8611	0	0		BOCA
2024-03-23	7890	0	0		BOCA
2024-03-30	7545	2	0	0.0	BOCA
2024-04-06	9716	0	0		BOCA
2024-04-13	9906	1	0	0.0	BOCA
2024-04-20	9697	2	0	0.0	BOCA
2024-04-27	10909	1	0	0.0	BOCA
2024-05-04	9627	3	0	0.0	BOCA
2024-05-11	9222	3	0	0.0	BOCA
2024-05-18	8373	3	0	0.0	BOCA
2024-05-25	7681	0	0		BOCA
2024-06-01	5775	0	0		BOCA
2024-06-08	6868	0	0		BOCA
2024-06-15	7680	0	0		BOCA
2024-06-22	7629	0	0		BOCA
2024-06-29	7230	0	0		BOCA
2024-07-06	5544	0	0		BOCA
2024-07-13	4101	0	0		BOCA
2024-07-20	4475	0	0		BOCA
2024-07-27	4475	0	0		BOCA
2024-08-03	3957	0	0		BOCA
2024-08-10	4800	0	0		BOCA
2024-08-17	5678	0	0		BOCA
2024-08-24	8726	1	0	0.0	BOCA
2024-08-31	7430	0	0		BOCA
2024-09-07	7801	0	0		BOCA
2024-09-14	7783	0	0		BOCA
2024-09-21	6914	0	0		BOCA
2024-09-28	7492	0	0		BOCA
2024-10-05	6967	0	0		BOCA
2024-10-12	6666	0	0		BOCA
2024-10-19	6731	0	0		BOCA
2024-10-26	6103	0	0		BOCA
2024-11-02	5788	0	0		BOCA
2024-11-09	4955	0	0		BOCA
2024-11-16	5291	0	0		BOCA
2024-11-23	5165	0	0		BOCA
2024-11-30	4899	0	0		BOCA
2024-12-07	4298	0	0		BOCA
2024-12-14	4585	0	0		BOCA
2024-12-21	4904	0	0		BOCA
2024-12-28	3264	0	0		BOCA
2025-01-04	2718	0	0		BOCA
2025-01-11	3645	0	0		BOCA
2025-01-18	3254	0	0		BOCA
2025-01-25	2977	0	0		BOCA
2025-02-01	2991	0	0		BOCA
2025-02-08	3794	0	0		BOCA
2025-02-15	4891	0	0		BOCA
2025-02-22	5424	0	0		BOCA
2025-03-01	5658	0	0		BOCA
2025-03-08	4384	0	0		BOCA
2025-03-15	4647	0	0		BOCA
2025-03-22	4589	0	0		BOCA
2025-03-29	4992	0	0		BOCA
2025-04-05	154	0	0		BOCA
2021-12-04	1909	0	0		COVS
2021-12-11	530	0	0		COVS
2021-12-18	1195	0	0		COVS
2021-12-25	1085	0	0		COVS
2022-01-01	9348	17	0	0.0	COVS
2022-01-08	104832	264	3	1.1235955056179776	COVS
2022-01-15	75925	208	2	0.9523809523809524	COVS
2022-01-22	70368	170	1	0.5847953216374269	COVS
2022-01-29	53751	107	0	0.0	COVS
2022-02-05	43323	76	0	0.0	COVS
2022-02-12	32770	64	1	1.5384615384615385	COVS
2022-02-19	31833	92	0	0.0	COVS
2022-02-26	26207	90	0	0.0	COVS
2022-03-05	19830	74	0	0.0	COVS
2022-03-12	20688	77	0	0.0	COVS
2022-03-19	19235	70	0	0.0	COVS
2022-03-26	24716	102	0	0.0	COVS
2022-04-02	25438	127	0	0.0	COVS
2022-04-09	25353	98	1	1.0101010101010102	COVS
2022-04-16	24533	123	0	0.0	COVS
2022-04-23	23309	152	0	0.0	COVS
2022-04-30	29369	124	1	0.8	COVS
2022-05-07	30141	149	2	1.3245033112582782	COVS
2022-05-14	34905	190	0	0.0	COVS
2022-05-21	38855	171	4	2.2857142857142856	COVS
2022-05-28	49368	170	2	1.1627906976744187	COVS
2022-06-04	55200	206	8	3.7383177570093453	COVS
2022-06-11	52584	209	7	3.2407407407407405	COVS
2022-06-18	38061	182	10	5.208333333333334	COVS
2022-06-25	39753	181	16	8.121827411167512	COVS
2022-07-02	33173	145	14	8.80503144654088	COVS
2022-07-09	30667	118	21	15.107913669064748	COVS
2022-07-16	26384	91	17	15.74074074074074	COVS
2022-07-23	20237	66	10	13.157894736842104	COVS
2022-07-30	15846	83	9	9.782608695652174	COVS
2022-08-06	14301	81	6	6.896551724137931	COVS
2022-08-13	13587	82	16	16.3265306122449	COVS
2022-08-20	15042	85	13	13.26530612244898	COVS
2022-08-27	14096	102	13	11.304347826086957	COVS
2022-09-03	12945	107	17	13.709677419354838	COVS
2022-09-10	12664	98	8	7.547169811320755	COVS
2022-09-17	15060	150	14	8.536585365853659	COVS
2022-09-24	18487	158	18	10.227272727272728	COVS
2022-10-01	16267	191	15	7.281553398058252	COVS
2022-10-08	15329	193	12	5.853658536585367	COVS
2022-10-15	11795	136	9	6.206896551724138	COVS
2022-10-22	10892	134	10	6.944444444444445	COVS
2022-10-29	11658	139	9	6.081081081081082	COVS
2022-11-05	9509	135	12	8.16326530612245	COVS
2022-11-12	17630	171	12	6.557377049180328	COVS
2022-11-19	17941	184	12	6.122448979591836	COVS
2022-11-26	15955	166	10	5.681818181818182	COVS
2022-12-03	11628	121	9	6.923076923076923	COVS
2022-12-10	9060	135	8	5.594405594405594	COVS
2022-12-17	8444	119	3	2.459016393442623	COVS
2022-12-24	7920	111	4	3.4782608695652173	COVS
2022-12-31	6369	74	5	6.329113924050633	COVS
2023-01-07	5518	80	0	0.0	COVS
2023-01-14	6494	75	1	1.3157894736842104	COVS
2023-01-21	5948	57	1	1.7241379310344827	COVS
2023-01-28	5548	63	0	0.0	COVS
2023-02-04	6613	64	2	3.0303030303030303	COVS
2023-02-11	7936	80	2	2.4390243902439024	COVS
2023-02-18	10709	98	3	2.9702970297029703	COVS
2023-02-25	10659	77	1	1.282051282051282	COVS
2023-03-04	13936	115	2	1.7094017094017095	COVS
2023-03-11	13775	107	2	1.834862385321101	COVS
2023-03-18	12308	106	1	0.9345794392523363	COVS
2023-03-25	13334	116	1	0.8547008547008548	COVS
2023-04-01	11549	131	2	1.5037593984962405	COVS
2023-04-08	7168	105	5	4.545454545454546	COVS
2023-04-15	7259	82	2	2.380952380952381	COVS
2023-04-22	6798	87	2	2.247191011235955	COVS
2023-04-29	8189	114	1	0.8695652173913043	COVS
2023-05-06	7777	88	3	3.296703296703297	COVS
2023-05-13	8236	99	9	8.333333333333332	COVS
2023-05-20	8098	119	11	8.461538461538462	COVS
2023-05-27	7932	111	14	11.200000000000001	COVS
2023-06-03	6030	105	13	11.016949152542372	COVS
2023-06-10	5389	120	13	9.774436090225564	COVS
2023-06-17	5106	115	12	9.448818897637794	COVS
2023-06-24	4733	103	12	10.434782608695652	COVS
2023-07-01	4691	99	12	10.81081081081081	COVS
2023-07-08	3728	79	7	8.13953488372093	COVS
2023-07-15	3326	56	3	5.084745762711865	COVS
2023-07-22	2524	58	3	4.918032786885246	COVS
2023-07-29	2502	48	7	12.727272727272727	COVS
2023-08-05	2538	67	2	2.898550724637681	COVS
2023-08-12	2619	56	8	12.5	COVS
2023-08-19	2885	79	3	3.6585365853658534	COVS
2023-08-26	3398	72	4	5.263157894736842	COVS
2023-09-02	2993	76	0	0.0	COVS
2023-09-09	3032	91	4	4.2105263157894735	COVS
2023-09-16	3791	82	2	2.380952380952381	COVS
2023-09-23	3858	77	4	4.938271604938271	COVS
2023-09-30	3859	99	3	2.941176470588235	COVS
2023-10-07	4137	67	3	4.285714285714286	COVS
2023-10-14	3690	225	2	0.881057268722467	COVS
2023-10-21	4664	303	10	3.1948881789137378	COVS
2023-10-28	5020	320	10	3.0303030303030303	COVS
2023-11-04	4144	136	9	6.206896551724138	COVS
2023-11-11	4807	89	16	15.238095238095239	COVS
2023-11-18	3217	75	10	11.76470588235294	COVS
2023-11-25	2959	143	6	4.026845637583892	COVS
2023-12-02	2819	81	12	12.903225806451612	COVS
2023-12-09	2765	95	5	5.0	COVS
2023-12-16	3030	119	17	12.5	COVS
2023-12-23	2946	85	7	7.608695652173914	COVS
2023-12-30	2112	96	5	4.9504950495049505	COVS
2024-01-06	2238	102	2	1.9230769230769231	COVS
2024-01-13	2670	125	8	6.015037593984962	COVS
2024-01-20	2757	89	5	5.319148936170213	COVS
2024-01-27	2713	109	4	3.5398230088495577	COVS
2024-02-03	3949	124	5	3.875968992248062	COVS
2024-02-10	5626	130	7	5.109489051094891	COVS
2024-02-17	5895	119	5	4.032258064516129	COVS
2024-02-24	8182	188	5	2.5906735751295336	COVS
2024-03-02	8948	202	12	5.607476635514018	COVS
2024-03-09	8471	173	5	2.8089887640449436	COVS
2024-03-16	8404	200	7	3.3816425120772946	COVS
2024-03-23	7655	230	5	2.127659574468085	COVS
2024-03-30	7306	234	7	2.904564315352697	COVS
2024-04-06	9419	290	7	2.356902356902357	COVS
2024-04-13	9581	317	9	2.7607361963190185	COVS
2024-04-20	9359	328	12	3.5294117647058822	COVS
2024-04-27	10511	389	10	2.506265664160401	COVS
2024-05-04	9160	459	11	2.3404255319148937	COVS
2024-05-11	8762	440	23	4.967602591792657	COVS
2024-05-18	7944	417	15	3.4722222222222223	COVS
2024-05-25	7253	407	21	4.906542056074766	COVS
2024-06-01	5405	351	19	5.135135135135135	COVS
2024-06-08	6479	367	22	5.655526992287918	COVS
2024-06-15	7220	424	36	7.82608695652174	COVS
2024-06-22	7190	393	46	10.478359908883828	COVS
2024-06-29	6811	378	41	9.785202863961814	COVS
2024-07-06	5229	292	23	7.301587301587302	COVS
2024-07-13	3880	209	12	5.429864253393665	COVS
2024-07-20	4262	192	21	9.859154929577464	COVS
2024-07-27	4278	182	15	7.614213197969544	COVS
2024-08-03	3748	194	15	7.177033492822966	COVS
2024-08-10	4587	199	14	6.572769953051644	COVS
2024-08-17	5447	220	11	4.761904761904762	COVS
2024-08-24	8371	329	27	7.584269662921349	COVS
2024-08-31	7117	297	16	5.111821086261981	COVS
2024-09-07	7474	298	29	8.868501529051988	COVS
2024-09-14	7522	238	23	8.812260536398467	COVS
2024-09-21	6663	236	15	5.9760956175298805	COVS
2024-09-28	7222	249	21	7.777777777777778	COVS
2024-10-05	6708	235	24	9.266409266409266	COVS
2024-10-12	6427	212	27	11.297071129707113	COVS
2024-10-19	6491	218	22	9.166666666666666	COVS
2024-10-26	5870	211	22	9.44206008583691	COVS
2024-11-02	5587	191	10	4.975124378109453	COVS
2024-11-09	4860	89	6	6.315789473684211	COVS
2024-11-16	5204	85	2	2.2988505747126435	COVS
2024-11-23	5056	102	7	6.422018348623854	COVS
2024-11-30	4796	89	14	13.592233009708737	COVS
2024-12-07	4218	76	4	5.0	COVS
2024-12-14	4499	81	5	5.813953488372093	COVS
2024-12-21	4809	83	12	12.631578947368421	COVS
2024-12-28	3218	42	4	8.695652173913043	COVS
2025-01-04	2688	27	3	10.0	COVS
2025-01-11	3597	45	3	6.25	COVS
2025-01-18	3202	47	5	9.615384615384617	COVS
2025-01-25	2918	59	0	0.0	COVS
2025-02-01	2935	52	4	7.142857142857142	COVS
2025-02-08	3733	57	4	6.557377049180328	COVS
2025-02-15	4827	60	4	6.25	COVS
2025-02-22	5359	62	3	4.615384615384616	COVS
2025-03-01	5579	74	5	6.329113924050633	COVS
2025-03-08	4333	48	3	5.88235294117647	COVS
2025-03-15	4575	69	3	4.166666666666666	COVS
2025-03-22	4514	73	2	2.666666666666667	COVS
2025-03-29	4910	81	1	1.2195121951219512	COVS
2025-04-05	154	0	0		COVS
2021-12-04	1909	0	0		ENTERO
2021-12-11	530	0	0		ENTERO
2021-12-18	1195	0	0		ENTERO
2021-12-25	1085	0	0		ENTERO
2022-01-01	9365	0	0		ENTERO
2022-01-08	105099	0	0		ENTERO
2022-01-15	76135	0	0		ENTERO
2022-01-22	70539	0	0		ENTERO
2022-01-29	53858	0	0		ENTERO
2022-02-05	43399	0	0		ENTERO
2022-02-12	32835	0	0		ENTERO
2022-02-19	31925	0	0		ENTERO
2022-02-26	26297	0	0		ENTERO
2022-03-05	19904	0	0		ENTERO
2022-03-12	20765	0	0		ENTERO
2022-03-19	19305	0	0		ENTERO
2022-03-26	24818	0	0		ENTERO
2022-04-02	25565	0	0		ENTERO
2022-04-09	25452	0	0		ENTERO
2022-04-16	24656	0	0		ENTERO
2022-04-23	23461	0	0		ENTERO
2022-04-30	29494	0	0		ENTERO
2022-05-07	30292	0	0		ENTERO
2022-05-14	35095	0	0		ENTERO
2022-05-21	39030	0	0		ENTERO
2022-05-28	49540	0	0		ENTERO
2022-06-04	55414	0	0		ENTERO
2022-06-11	52800	0	0		ENTERO
2022-06-18	38253	0	0		ENTERO
2022-06-25	39950	0	0		ENTERO
2022-07-02	33332	0	0		ENTERO
2022-07-09	30806	0	0		ENTERO
2022-07-16	26492	0	0		ENTERO
2022-07-23	20313	0	0		ENTERO
2022-07-30	15938	0	0		ENTERO
2022-08-06	14388	0	0		ENTERO
2022-08-13	13685	0	0		ENTERO
2022-08-20	15140	0	0		ENTERO
2022-08-27	14211	0	0		ENTERO
2022-09-03	13069	0	0		ENTERO
2022-09-10	12770	0	0		ENTERO
2022-09-17	15224	0	0		ENTERO
2022-09-24	18663	0	0		ENTERO
2022-10-01	16473	0	0		ENTERO
2022-10-08	15534	0	0		ENTERO
2022-10-15	11940	0	0		ENTERO
2022-10-22	11036	0	0		ENTERO
2022-10-29	11806	0	0		ENTERO
2022-11-05	9656	0	0		ENTERO
2022-11-12	17813	0	0		ENTERO
2022-11-19	18137	0	0		ENTERO
2022-11-26	16131	0	0		ENTERO
2022-12-03	11758	0	0		ENTERO
2022-12-10	9203	0	0		ENTERO
2022-12-17	8566	0	0		ENTERO
2022-12-24	8035	0	0		ENTERO
2022-12-31	6448	0	0		ENTERO
2023-01-07	5598	0	0		ENTERO
2023-01-14	6570	0	0		ENTERO
2023-01-21	6006	0	0		ENTERO
2023-01-28	5611	0	0		ENTERO
2023-02-04	6679	0	0		ENTERO
2023-02-11	8018	0	0		ENTERO
2023-02-18	10810	0	0		ENTERO
2023-02-25	10737	0	0		ENTERO
2023-03-04	14053	0	0		ENTERO
2023-03-11	13884	0	0		ENTERO
2023-03-18	12415	0	0		ENTERO
2023-03-25	13451	0	0		ENTERO
2023-04-01	11682	0	0		ENTERO
2023-04-08	7278	0	0		ENTERO
2023-04-15	7343	0	0		ENTERO
2023-04-22	6887	0	0		ENTERO
2023-04-29	8304	0	0		ENTERO
2023-05-06	7867	1	0	0.0	ENTERO
2023-05-13	8344	0	0		ENTERO
2023-05-20	8228	0	0		ENTERO
2023-05-27	8057	0	0		ENTERO
2023-06-03	6148	0	0		ENTERO
2023-06-10	5522	0	0		ENTERO
2023-06-17	5233	0	0		ENTERO
2023-06-24	4848	0	0		ENTERO
2023-07-01	4802	0	0		ENTERO
2023-07-08	3814	0	0		ENTERO
2023-07-15	3385	0	0		ENTERO
2023-07-22	2585	0	0		ENTERO
2023-07-29	2557	0	0		ENTERO
2023-08-05	2607	0	0		ENTERO
2023-08-12	2682	1	0	0.0	ENTERO
2023-08-19	2967	0	0		ENTERO
2023-08-26	3474	0	0		ENTERO
2023-09-02	3069	0	0		ENTERO
2023-09-09	3127	0	0		ENTERO
2023-09-16	3875	0	0		ENTERO
2023-09-23	3939	0	0		ENTERO
2023-09-30	3961	0	0		ENTERO
2023-10-07	4207	0	0		ENTERO
2023-10-14	3764	152	1	0.6535947712418301	ENTERO
2023-10-21	4765	209	3	1.4150943396226416	ENTERO
2023-10-28	5121	226	3	1.3100436681222707	ENTERO
2023-11-04	4226	60	3	4.761904761904762	ENTERO
2023-11-11	4912	0	0		ENTERO
2023-11-18	3302	0	0		ENTERO
2023-11-25	3034	72	2	2.7027027027027026	ENTERO
2023-12-02	2912	0	0		ENTERO
2023-12-09	2865	0	0		ENTERO
2023-12-16	3166	0	0		ENTERO
2023-12-23	3038	0	0		ENTERO
2023-12-30	2213	0	0		ENTERO
2024-01-06	2342	0	0		ENTERO
2024-01-13	2803	0	0		ENTERO
2024-01-20	2851	0	0		ENTERO
2024-01-27	2825	1	0	0.0	ENTERO
2024-02-03	4078	0	0		ENTERO
2024-02-10	5762	1	0	0.0	ENTERO
2024-02-17	6019	0	0		ENTERO
2024-02-24	8374	1	0	0.0	ENTERO
2024-03-02	9160	2	0	0.0	ENTERO
2024-03-09	8649	0	0		ENTERO
2024-03-16	8611	0	0		ENTERO
2024-03-23	7890	0	0		ENTERO
2024-03-30	7545	2	0	0.0	ENTERO
2024-04-06	9716	0	0		ENTERO
2024-04-13	9906	1	0	0.0	ENTERO
2024-04-20	9697	2	0	0.0	ENTERO
2024-04-27	10909	1	0	0.0	ENTERO
2024-05-04	9627	3	0	0.0	ENTERO
2024-05-11	9222	3	0	0.0	ENTERO
2024-05-18	8373	3	0	0.0	ENTERO
2024-05-25	7681	0	0		ENTERO
2024-06-01	5775	0	0		ENTERO
2024-06-08	6868	0	0		ENTERO
2024-06-15	7680	0	0		ENTERO
2024-06-22	7629	0	0		ENTERO
2024-06-29	7230	0	0		ENTERO
2024-07-06	5544	0	0		ENTERO
2024-07-13	4101	0	0		ENTERO
2024-07-20	4475	0	0		ENTERO
2024-07-27	4475	0	0		ENTERO
2024-08-03	3957	0	0		ENTERO
2024-08-10	4800	0	0		ENTERO
2024-08-17	5678	0	0		ENTERO
2024-08-24	8727	0	0		ENTERO
2024-08-31	7430	0	0		ENTERO
2024-09-07	7801	0	0		ENTERO
2024-09-14	7783	0	0		ENTERO
2024-09-21	6914	0	0		ENTERO
2024-09-28	7492	0	0		ENTERO
2024-10-05	6967	0	0		ENTERO
2024-10-12	6666	0	0		ENTERO
2024-10-19	6731	0	0		ENTERO
2024-10-26	6103	0	0		ENTERO
2024-11-02	5788	0	0		ENTERO
2024-11-09	4955	0	0		ENTERO
2024-11-16	5291	0	0		ENTERO
2024-11-23	5165	0	0		ENTERO
2024-11-30	4899	0	0		ENTERO
2024-12-07	4298	0	0		ENTERO
2024-12-14	4585	0	0		ENTERO
2024-12-21	4904	0	0		ENTERO
2024-12-28	3264	0	0		ENTERO
2025-01-04	2718	0	0		ENTERO
2025-01-11	3645	0	0		ENTERO
2025-01-18	3254	0	0		ENTERO
2025-01-25	2977	0	0		ENTERO
2025-02-01	2991	0	0		ENTERO
2025-02-08	3794	0	0		ENTERO
2025-02-15	4891	0	0		ENTERO
2025-02-22	5424	0	0		ENTERO
2025-03-01	5658	0	0		ENTERO
2025-03-08	4384	0	0		ENTERO
2025-03-15	4647	0	0		ENTERO
2025-03-22	4589	0	0		ENTERO
2025-03-29	4992	0	0		ENTERO
2025-04-05	154	0	0		ENTERO
2021-12-04	1909	0	0		BAC
2021-12-11	530	0	0		BAC
2021-12-18	1195	0	0		BAC
2021-12-25	1085	0	0		BAC
2022-01-01	9348	17	0	0.0	BAC
2022-01-08	104832	267	0	0.0	BAC
2022-01-15	75925	210	0	0.0	BAC
2022-01-22	70368	171	0	0.0	BAC
2022-01-29	53751	107	0	0.0	BAC
2022-02-05	43323	76	0	0.0	BAC
2022-02-12	32770	65	0	0.0	BAC
2022-02-19	31833	92	0	0.0	BAC
2022-02-26	26207	90	0	0.0	BAC
2022-03-05	19830	74	0	0.0	BAC
2022-03-12	20688	77	0	0.0	BAC
2022-03-19	19235	70	0	0.0	BAC
2022-03-26	24716	102	0	0.0	BAC
2022-04-02	25438	127	0	0.0	BAC
2022-04-09	25353	99	0	0.0	BAC
2022-04-16	24533	123	0	0.0	BAC
2022-04-23	23309	152	0	0.0	BAC
2022-04-30	29369	125	0	0.0	BAC
2022-05-07	30141	151	0	0.0	BAC
2022-05-14	34905	190	0	0.0	BAC
2022-05-21	38855	175	0	0.0	BAC
2022-05-28	49368	172	0	0.0	BAC
2022-06-04	55200	214	0	0.0	BAC
2022-06-11	52584	216	0	0.0	BAC
2022-06-18	38061	192	0	0.0	BAC
2022-06-25	39753	197	0	0.0	BAC
2022-07-02	33173	159	0	0.0	BAC
2022-07-09	30667	139	0	0.0	BAC
2022-07-16	26384	108	0	0.0	BAC
2022-07-23	20237	76	0	0.0	BAC
2022-07-30	15846	92	0	0.0	BAC
2022-08-06	14301	87	0	0.0	BAC
2022-08-13	13587	98	0	0.0	BAC
2022-08-20	15042	98	0	0.0	BAC
2022-08-27	14096	115	0	0.0	BAC
2022-09-03	12945	124	0	0.0	BAC
2022-09-10	12664	106	0	0.0	BAC
2022-09-17	15060	164	0	0.0	BAC
2022-09-24	18487	176	0	0.0	BAC
2022-10-01	16267	206	0	0.0	BAC
2022-10-08	15329	205	0	0.0	BAC
2022-10-15	11795	145	0	0.0	BAC
2022-10-22	10892	144	0	0.0	BAC
2022-10-29	11658	147	1	0.6756756756756757	BAC
2022-11-05	9509	146	1	0.6802721088435374	BAC
2022-11-12	17630	180	3	1.639344262295082	BAC
2022-11-19	17941	196	0	0.0	BAC
2022-11-26	15955	176	0	0.0	BAC
2022-12-03	11628	128	2	1.5384615384615385	BAC
2022-12-10	9060	142	1	0.6993006993006993	BAC
2022-12-17	8444	119	3	2.459016393442623	BAC
2022-12-24	7920	113	2	1.7391304347826086	BAC
2022-12-31	6369	79	0	0.0	BAC
2023-01-07	5518	80	0	0.0	BAC
2023-01-14	6494	75	1	1.3157894736842104	BAC
2023-01-21	5948	57	1	1.7241379310344827	BAC
2023-01-28	5548	63	0	0.0	BAC
2023-02-04	6613	66	0	0.0	BAC
2023-02-11	7936	82	0	0.0	BAC
2023-02-18	10709	101	0	0.0	BAC
2023-02-25	10659	78	0	0.0	BAC
2023-03-04	13936	117	0	0.0	BAC
2023-03-11	13775	109	0	0.0	BAC
2023-03-18	12308	106	1	0.9345794392523363	BAC
2023-03-25	13334	117	0	0.0	BAC
2023-04-01	11549	128	5	3.7593984962406015	BAC
2023-04-08	7168	109	1	0.9090909090909091	BAC
2023-04-15	7259	84	0	0.0	BAC
2023-04-22	6798	87	2	2.247191011235955	BAC
2023-04-29	8189	113	2	1.7391304347826086	BAC
2023-05-06	7777	90	1	1.098901098901099	BAC
2023-05-13	8236	107	1	0.9259259259259258	BAC
2023-05-20	8098	129	1	0.7692307692307693	BAC
2023-05-27	7932	124	1	0.8	BAC
2023-06-03	6030	118	0	0.0	BAC
2023-06-10	5389	131	2	1.5037593984962405	BAC
2023-06-17	5106	126	1	0.7874015748031495	BAC
2023-06-24	4733	113	2	1.7391304347826086	BAC
2023-07-01	4691	110	1	0.9009009009009009	BAC
2023-07-08	3728	85	1	1.1627906976744187	BAC
2023-07-15	3326	59	0	0.0	BAC
2023-07-22	2524	59	2	3.278688524590164	BAC
2023-07-29	2502	55	0	0.0	BAC
2023-08-05	2538	67	2	2.898550724637681	BAC
2023-08-12	2619	63	1	1.5625	BAC
2023-08-19	2885	82	0	0.0	BAC
2023-08-26	3398	75	1	1.3157894736842104	BAC
2023-09-02	2993	75	1	1.3157894736842104	BAC
2023-09-09	3032	94	1	1.0526315789473684	BAC
2023-09-16	3791	83	1	1.1904761904761905	BAC
2023-09-23	3858	79	2	2.4691358024691357	BAC
2023-09-30	3859	101	1	0.9803921568627451	BAC
2023-10-07	4137	69	1	1.4285714285714286	BAC
2023-10-14	3843	73	1	1.3513513513513513	BAC
2023-10-21	4875	101	1	0.9803921568627451	BAC
2023-10-28	5249	100	1	0.9900990099009901	BAC
2023-11-04	4207	80	2	2.4390243902439024	BAC
2023-11-11	4807	102	3	2.857142857142857	BAC
2023-11-18	3217	83	2	2.3529411764705883	BAC
2023-11-25	3033	73	2	2.666666666666667	BAC
2023-12-02	2819	87	6	6.451612903225806	BAC
2023-12-09	2765	92	8	8.0	BAC
2023-12-16	3030	123	13	9.558823529411764	BAC
2023-12-23	2946	81	11	11.956521739130435	BAC
2023-12-30	2112	96	5	4.9504950495049505	BAC
2024-01-06	2234	97	11	10.185185185185185	BAC
2024-01-13	2654	131	18	12.080536912751679	BAC
2024-01-20	2743	100	8	7.4074074074074066	BAC
2024-01-27	2705	112	9	7.43801652892562	BAC
2024-02-03	3942	129	7	5.147058823529411	BAC
2024-02-10	5617	139	7	4.794520547945205	BAC
2024-02-17	5893	112	14	11.11111111111111	BAC
2024-02-24	8165	198	12	5.714285714285714	BAC
2024-03-02	8933	207	22	9.606986899563319	BAC
2024-03-09	8453	173	23	11.73469387755102	BAC
2024-03-16	8394	184	33	15.207373271889402	BAC
2024-03-23	7643	219	28	11.336032388663968	BAC
2024-03-30	7300	220	27	10.931174089068826	BAC
2024-04-06	9399	280	37	11.67192429022082	BAC
2024-04-13	9553	309	45	12.711864406779661	BAC
2024-04-20	9332	296	71	19.346049046321525	BAC
2024-04-27	10483	365	62	14.519906323185012	BAC
2024-05-04	9137	395	98	19.878296146044626	BAC
2024-05-11	8734	414	77	15.682281059063136	BAC
2024-05-18	7895	388	93	19.334719334719335	BAC
2024-05-25	7224	396	61	13.347921225382933	BAC
2024-06-01	5374	345	56	13.96508728179551	BAC
2024-06-08	6438	382	48	11.162790697674419	BAC
2024-06-15	7185	434	61	12.323232323232324	BAC
2024-06-22	7127	431	71	14.143426294820719	BAC
2024-06-29	6749	417	64	13.305613305613306	BAC
2024-07-06	5187	323	34	9.523809523809524	BAC
2024-07-13	3848	225	28	11.067193675889328	BAC
2024-07-20	4228	217	30	12.145748987854251	BAC
2024-07-27	4247	202	26	11.403508771929824	BAC
2024-08-03	3708	210	39	15.66265060240964	BAC
2024-08-10	4548	228	24	9.523809523809524	BAC
2024-08-17	5418	236	24	9.230769230769232	BAC
2024-08-24	8345	359	23	6.020942408376963	BAC
2024-08-31	7081	328	21	6.017191977077363	BAC
2024-09-07	7430	344	27	7.277628032345014	BAC
2024-09-14	7485	281	17	5.704697986577181	BAC
2024-09-21	6629	272	13	4.56140350877193	BAC
2024-09-28	7185	286	21	6.840390879478828	BAC
2024-10-05	6669	272	26	8.724832214765101	BAC
2024-10-12	6411	229	26	10.196078431372548	BAC
2024-10-19	6446	266	19	6.666666666666667	BAC
2024-10-26	5850	247	6	2.371541501976284	BAC
2024-11-02	5557	214	17	7.35930735930736	BAC
2024-11-09	4835	115	5	4.166666666666666	BAC
2024-11-16	5166	117	8	6.4	BAC
2024-11-23	5022	126	17	11.888111888111888	BAC
2024-11-30	4756	132	11	7.6923076923076925	BAC
2024-12-07	4196	99	3	2.941176470588235	BAC
2024-12-14	4474	101	10	9.00900900900901	BAC
2024-12-21	4783	112	9	7.43801652892562	BAC
2024-12-28	3201	61	2	3.1746031746031744	BAC
2025-01-04	2672	42	4	8.695652173913043	BAC
2025-01-11	3566	70	9	11.39240506329114	BAC
2025-01-18	3172	80	2	2.4390243902439024	BAC
2025-01-25	2898	73	6	7.59493670886076	BAC
2025-02-01	2912	70	9	11.39240506329114	BAC
2025-02-08	3712	72	10	12.195121951219512	BAC
2025-02-15	4791	90	10	10.0	BAC
2025-02-22	5346	73	5	6.41025641025641	BAC
2025-03-01	5557	94	7	6.9306930693069315	BAC
2025-03-08	4319	60	5	7.6923076923076925	BAC
2025-03-15	4549	84	14	14.285714285714285	BAC
2025-03-22	4493	91	5	5.208333333333334	BAC
2025-03-29	4904	87	1	1.1363636363636365	BAC
2025-04-05	154	0	0		BAC
