state	region	disease	data_fimSE	casos_confirmados	casos_estimados
São Paulo	Sudeste	dengue	2022-12-31	180	180
São Paulo	Sudeste	dengue	2022-12-24	38	38
São Paulo	Sudeste	dengue	2022-12-17	101	101
São Paulo	Sudeste	dengue	2022-12-10	278	278
São Paulo	Sudeste	dengue	2022-12-03	321	321
São Paulo	Sudeste	dengue	2022-11-26	284	284
São Paulo	Sudeste	dengue	2022-11-19	353	353
São Paulo	Sudeste	dengue	2022-11-12	317	317
São Paulo	Sudeste	dengue	2022-11-05	364	364
São Paulo	Sudeste	dengue	2022-10-29	449	449
São Paulo	Sudeste	dengue	2022-10-22	473	473
São Paulo	Sudeste	dengue	2022-10-15	482	482
São Paulo	Sudeste	dengue	2022-10-08	401	401
São Paulo	Sudeste	dengue	2022-10-01	308	308
São Paulo	Sudeste	dengue	2022-09-24	332	332
São Paulo	Sudeste	dengue	2022-09-17	259	259
São Paulo	Sudeste	dengue	2022-09-10	307	307
São Paulo	Sudeste	dengue	2022-09-03	257	257
São Paulo	Sudeste	dengue	2022-08-27	317	317
São Paulo	Sudeste	dengue	2022-08-20	326	326
São Paulo	Sudeste	dengue	2022-08-13	343	343
São Paulo	Sudeste	dengue	2022-08-06	453	453
São Paulo	Sudeste	chikungunya	2023-11-25	21	21
São Paulo	Sudeste	dengue	2022-07-30	473	473
São Paulo	Sudeste	dengue	2022-07-23	566	566
São Paulo	Sudeste	dengue	2022-07-16	639	639
São Paulo	Sudeste	dengue	2022-07-09	715	715
São Paulo	Sudeste	dengue	2022-07-02	834	834
São Paulo	Sudeste	dengue	2022-06-25	1026	1026
São Paulo	Sudeste	dengue	2022-06-18	1070	1070
São Paulo	Sudeste	dengue	2022-06-11	1398	1398
São Paulo	Sudeste	chikungunya	2023-11-18	14	14
São Paulo	Sudeste	chikungunya	2023-11-11	19	19
São Paulo	Sudeste	chikungunya	2023-11-04	13	13
São Paulo	Sudeste	chikungunya	2023-10-28	12	12
São Paulo	Sudeste	chikungunya	2023-10-21	7	7
São Paulo	Sudeste	chikungunya	2023-10-14	12	12
São Paulo	Sudeste	chikungunya	2023-10-07	13	13
São Paulo	Sudeste	chikungunya	2023-09-30	6	6
São Paulo	Sudeste	chikungunya	2023-09-23	9	9
São Paulo	Sudeste	chikungunya	2023-09-16	13	13
São Paulo	Sudeste	chikungunya	2023-09-09	10	10
São Paulo	Sudeste	chikungunya	2023-09-02	12	12
São Paulo	Sudeste	chikungunya	2023-08-26	9	9
São Paulo	Sudeste	chikungunya	2023-08-19	9	9
São Paulo	Sudeste	dengue	2022-06-04	1881	1881
São Paulo	Sudeste	dengue	2022-05-28	2336	2336
São Paulo	Sudeste	dengue	2022-05-21	2433	2433
São Paulo	Sudeste	dengue	2022-05-14	3522	3522
São Paulo	Sudeste	dengue	2022-05-07	3538	3538
São Paulo	Sudeste	dengue	2022-04-30	3177	3177
São Paulo	Sudeste	dengue	2022-04-23	2587	2587
São Paulo	Sudeste	dengue	2022-04-16	1935	1935
São Paulo	Sudeste	dengue	2022-04-09	1608	1608
São Paulo	Sudeste	dengue	2022-04-02	1257	1257
São Paulo	Sudeste	dengue	2022-03-26	946	946
São Paulo	Sudeste	dengue	2022-03-19	738	738
São Paulo	Sudeste	dengue	2022-03-12	627	627
São Paulo	Sudeste	dengue	2022-03-05	504	504
São Paulo	Sudeste	dengue	2022-02-26	342	342
São Paulo	Sudeste	chikungunya	2023-08-12	7	7
São Paulo	Sudeste	chikungunya	2023-08-05	8	8
São Paulo	Sudeste	chikungunya	2023-07-29	9	9
São Paulo	Sudeste	chikungunya	2023-07-22	13	13
São Paulo	Sudeste	chikungunya	2023-07-15	9	9
São Paulo	Sudeste	chikungunya	2023-07-08	17	17
São Paulo	Sudeste	chikungunya	2023-07-01	17	17
São Paulo	Sudeste	chikungunya	2023-06-24	9	9
São Paulo	Sudeste	chikungunya	2023-06-17	15	15
São Paulo	Sudeste	chikungunya	2023-06-10	11	11
São Paulo	Sudeste	chikungunya	2023-06-03	23	23
São Paulo	Sudeste	chikungunya	2023-05-27	17	17
São Paulo	Sudeste	chikungunya	2023-05-20	31	31
São Paulo	Sudeste	chikungunya	2023-05-13	19	19
São Paulo	Sudeste	chikungunya	2023-05-06	38	38
São Paulo	Sudeste	dengue	2022-02-19	322	322
São Paulo	Sudeste	dengue	2022-02-12	310	310
São Paulo	Sudeste	dengue	2022-02-05	289	289
São Paulo	Sudeste	dengue	2022-01-29	325	325
São Paulo	Sudeste	dengue	2022-01-22	366	366
São Paulo	Sudeste	dengue	2022-01-15	253	253
São Paulo	Sudeste	dengue	2022-01-08	327	327
São Paulo	Sudeste	chikungunya	2023-04-29	24	24
São Paulo	Sudeste	chikungunya	2023-04-22	28	28
São Paulo	Sudeste	chikungunya	2023-04-15	41	41
São Paulo	Sudeste	chikungunya	2023-04-08	29	29
São Paulo	Sudeste	chikungunya	2023-04-01	26	26
São Paulo	Sudeste	chikungunya	2023-03-25	37	37
São Paulo	Sudeste	chikungunya	2023-03-18	32	32
São Paulo	Sudeste	chikungunya	2022-01-15	8	8
São Paulo	Sudeste	chikungunya	2023-03-11	36	36
São Paulo	Sudeste	chikungunya	2022-02-05	10	10
São Paulo	Sudeste	chikungunya	2023-03-04	30	30
São Paulo	Sudeste	chikungunya	2023-02-25	26	26
São Paulo	Sudeste	chikungunya	2023-02-18	30	30
São Paulo	Sudeste	chikungunya	2023-02-11	22	22
São Paulo	Sudeste	chikungunya	2023-01-14	39	39
São Paulo	Sudeste	chikungunya	2022-12-24	7	7
São Paulo	Sudeste	chikungunya	2022-12-03	10	10
São Paulo	Sudeste	chikungunya	2023-01-07	35	35
São Paulo	Sudeste	chikungunya	2023-02-04	25	25
São Paulo	Sudeste	dengue	2023-12-30	942	942
São Paulo	Sudeste	dengue	2023-12-23	815	815
São Paulo	Sudeste	dengue	2023-12-16	938	938
São Paulo	Sudeste	dengue	2023-12-09	931	931
São Paulo	Sudeste	dengue	2023-12-02	920	920
São Paulo	Sudeste	dengue	2023-11-25	790	790
São Paulo	Sudeste	dengue	2023-11-18	700	700
São Paulo	Sudeste	dengue	2023-11-11	747	747
São Paulo	Sudeste	dengue	2023-11-04	633	633
São Paulo	Sudeste	dengue	2023-10-28	754	754
São Paulo	Sudeste	dengue	2023-10-21	707	707
São Paulo	Sudeste	dengue	2023-10-14	691	691
São Paulo	Sudeste	dengue	2023-10-07	850	850
São Paulo	Sudeste	dengue	2023-09-30	703	703
São Paulo	Sudeste	dengue	2023-09-23	784	784
São Paulo	Sudeste	dengue	2023-09-16	650	650
São Paulo	Sudeste	zika	2022-12-31	0	0
São Paulo	Sudeste	zika	2022-12-24	2	2
São Paulo	Sudeste	zika	2022-12-17	0	0
São Paulo	Sudeste	zika	2022-12-10	1	1
São Paulo	Sudeste	zika	2022-12-03	2	2
São Paulo	Sudeste	zika	2022-11-26	0	0
São Paulo	Sudeste	zika	2022-11-19	1	1
São Paulo	Sudeste	zika	2022-11-12	2	2
São Paulo	Sudeste	zika	2022-11-05	0	0
São Paulo	Sudeste	zika	2022-10-29	1	1
São Paulo	Sudeste	zika	2022-10-22	2	2
São Paulo	Sudeste	zika	2022-10-15	1	1
São Paulo	Sudeste	zika	2022-10-08	2	2
São Paulo	Sudeste	zika	2022-10-01	0	0
São Paulo	Sudeste	zika	2022-09-24	1	1
São Paulo	Sudeste	zika	2022-09-17	1	1
São Paulo	Sudeste	zika	2022-09-10	1	1
São Paulo	Sudeste	zika	2022-09-03	0	0
São Paulo	Sudeste	zika	2022-08-27	2	2
São Paulo	Sudeste	zika	2022-08-20	3	3
São Paulo	Sudeste	zika	2022-08-13	2	2
São Paulo	Sudeste	zika	2022-08-06	1	1
São Paulo	Sudeste	zika	2022-07-30	0	0
São Paulo	Sudeste	zika	2022-07-23	0	0
São Paulo	Sudeste	zika	2022-07-16	1	1
São Paulo	Sudeste	zika	2022-07-09	1	1
São Paulo	Sudeste	zika	2022-07-02	1	1
São Paulo	Sudeste	zika	2022-06-25	1	1
São Paulo	Sudeste	zika	2022-06-18	0	0
São Paulo	Sudeste	zika	2022-06-11	1	1
São Paulo	Sudeste	zika	2022-06-04	1	1
São Paulo	Sudeste	zika	2022-05-28	1	1
São Paulo	Sudeste	zika	2022-05-21	0	0
São Paulo	Sudeste	zika	2022-05-14	0	0
São Paulo	Sudeste	zika	2022-05-07	3	3
São Paulo	Sudeste	zika	2022-04-30	1	1
São Paulo	Sudeste	zika	2022-04-23	1	1
São Paulo	Sudeste	zika	2022-04-16	2	2
São Paulo	Sudeste	zika	2022-04-09	1	1
São Paulo	Sudeste	zika	2022-04-02	4	4
São Paulo	Sudeste	zika	2022-03-26	0	0
São Paulo	Sudeste	zika	2022-03-19	0	0
São Paulo	Sudeste	zika	2022-03-12	2	2
São Paulo	Sudeste	zika	2022-03-05	3	3
São Paulo	Sudeste	zika	2022-02-26	0	0
São Paulo	Sudeste	zika	2022-02-19	0	0
São Paulo	Sudeste	zika	2022-02-12	2	2
São Paulo	Sudeste	zika	2022-02-05	2	2
São Paulo	Sudeste	zika	2022-01-29	0	0
São Paulo	Sudeste	zika	2022-01-22	2	2
São Paulo	Sudeste	zika	2022-01-15	0	0
São Paulo	Sudeste	zika	2022-01-08	0	0
São Paulo	Sudeste	chikungunya	2023-12-02	16	16
São Paulo	Sudeste	chikungunya	2023-12-23	16	16
São Paulo	Sudeste	chikungunya	2022-12-17	3	3
São Paulo	Sudeste	dengue	2023-09-09	571	571
São Paulo	Sudeste	dengue	2023-09-02	597	597
São Paulo	Sudeste	dengue	2023-08-26	591	591
São Paulo	Sudeste	dengue	2023-08-19	593	593
São Paulo	Sudeste	dengue	2023-08-12	605	605
São Paulo	Sudeste	dengue	2023-08-05	587	587
São Paulo	Sudeste	dengue	2023-07-29	533	533
São Paulo	Sudeste	dengue	2023-07-22	528	528
São Paulo	Sudeste	dengue	2023-07-15	628	628
São Paulo	Sudeste	dengue	2023-07-08	727	727
São Paulo	Sudeste	dengue	2023-07-01	892	892
São Paulo	Sudeste	dengue	2023-06-24	1053	1053
São Paulo	Sudeste	dengue	2023-06-17	1148	1148
São Paulo	Sudeste	dengue	2023-06-10	1254	1254
São Paulo	Sudeste	dengue	2023-06-03	1628	1628
São Paulo	Sudeste	dengue	2023-05-27	2183	2183
São Paulo	Sudeste	dengue	2023-05-20	2689	2689
São Paulo	Sudeste	dengue	2023-05-13	2855	2855
São Paulo	Sudeste	dengue	2023-05-06	3146	3146
São Paulo	Sudeste	dengue	2023-04-29	2570	2570
São Paulo	Sudeste	dengue	2023-04-22	2574	2574
São Paulo	Sudeste	dengue	2023-04-15	3018	3018
São Paulo	Sudeste	dengue	2023-04-08	2544	2544
São Paulo	Sudeste	dengue	2023-04-01	2757	2757
São Paulo	Sudeste	dengue	2023-03-25	2724	2724
São Paulo	Sudeste	dengue	2023-03-18	2293	2293
São Paulo	Sudeste	dengue	2023-03-11	1936	1936
São Paulo	Sudeste	dengue	2023-03-04	1703	1703
São Paulo	Sudeste	dengue	2023-02-25	1335	1335
São Paulo	Sudeste	dengue	2023-02-18	1294	1294
São Paulo	Sudeste	dengue	2023-02-11	1291	1291
São Paulo	Sudeste	dengue	2023-02-04	1157	1157
São Paulo	Sudeste	dengue	2023-01-28	1008	1008
São Paulo	Sudeste	dengue	2023-01-21	927	927
São Paulo	Sudeste	dengue	2023-01-14	720	720
São Paulo	Sudeste	dengue	2023-01-07	640	640
São Paulo	Sudeste	chikungunya	2022-01-22	14	14
São Paulo	Sudeste	chikungunya	2022-01-29	13	13
São Paulo	Sudeste	zika	2022-01-01	0	0
São Paulo	Sudeste	zika	2021-12-18	1	1
São Paulo	Sudeste	zika	2021-12-11	0	0
São Paulo	Sudeste	chikungunya	2023-01-21	33	33
São Paulo	Sudeste	chikungunya	2023-01-28	29	29
São Paulo	Sudeste	chikungunya	2022-12-31	9	9
São Paulo	Sudeste	chikungunya	2023-12-16	16	16
São Paulo	Sudeste	chikungunya	2023-12-09	18	18
São Paulo	Sudeste	zika	2021-12-25	0	0
São Paulo	Sudeste	chikungunya	2022-12-10	6	6
São Paulo	Sudeste	chikungunya	2022-11-26	7	7
São Paulo	Sudeste	chikungunya	2022-11-19	12	12
São Paulo	Sudeste	chikungunya	2022-11-12	4	4
São Paulo	Sudeste	chikungunya	2022-11-05	3	3
São Paulo	Sudeste	chikungunya	2022-10-29	5	5
São Paulo	Sudeste	chikungunya	2022-10-22	10	10
São Paulo	Sudeste	chikungunya	2022-10-15	11	11
São Paulo	Sudeste	chikungunya	2022-10-08	5	5
São Paulo	Sudeste	chikungunya	2022-10-01	7	7
São Paulo	Sudeste	chikungunya	2022-09-24	5	5
São Paulo	Sudeste	chikungunya	2022-09-17	9	9
São Paulo	Sudeste	chikungunya	2022-09-10	5	5
São Paulo	Sudeste	chikungunya	2022-09-03	4	4
São Paulo	Sudeste	chikungunya	2022-08-27	11	11
São Paulo	Sudeste	chikungunya	2022-08-20	8	8
São Paulo	Sudeste	chikungunya	2022-08-13	4	4
São Paulo	Sudeste	chikungunya	2022-08-06	16	16
São Paulo	Sudeste	chikungunya	2022-07-30	14	14
São Paulo	Sudeste	chikungunya	2022-07-23	16	16
São Paulo	Sudeste	chikungunya	2022-07-16	16	16
São Paulo	Sudeste	chikungunya	2022-07-09	14	14
São Paulo	Sudeste	chikungunya	2022-07-02	10	10
São Paulo	Sudeste	chikungunya	2022-06-25	15	15
São Paulo	Sudeste	chikungunya	2022-06-18	13	13
São Paulo	Sudeste	chikungunya	2022-06-11	10	10
São Paulo	Sudeste	chikungunya	2022-06-04	9	9
São Paulo	Sudeste	chikungunya	2022-05-28	19	19
São Paulo	Sudeste	chikungunya	2022-05-21	28	28
São Paulo	Sudeste	chikungunya	2022-05-14	33	33
São Paulo	Sudeste	chikungunya	2022-05-07	35	35
São Paulo	Sudeste	chikungunya	2022-04-30	25	25
São Paulo	Sudeste	chikungunya	2022-04-23	21	21
São Paulo	Sudeste	chikungunya	2022-04-16	19	19
São Paulo	Sudeste	chikungunya	2022-04-09	10	10
São Paulo	Sudeste	chikungunya	2022-04-02	20	20
São Paulo	Sudeste	chikungunya	2022-03-26	9	9
São Paulo	Sudeste	chikungunya	2022-03-19	19	19
São Paulo	Sudeste	chikungunya	2022-03-12	15	15
São Paulo	Sudeste	chikungunya	2022-03-05	23	23
São Paulo	Sudeste	chikungunya	2022-02-26	10	10
São Paulo	Sudeste	chikungunya	2022-02-19	6	6
São Paulo	Sudeste	chikungunya	2022-02-12	9	9
São Paulo	Sudeste	chikungunya	2023-12-30	10	10
São Paulo	Sudeste	chikungunya	2022-01-08	17	17
São Paulo	Sudeste	chikungunya	2024-12-28	9	11
São Paulo	Sudeste	chikungunya	2024-12-21	17	18
São Paulo	Sudeste	chikungunya	2024-12-14	6	7
São Paulo	Sudeste	chikungunya	2024-12-07	8	8
São Paulo	Sudeste	chikungunya	2024-11-30	7	7
São Paulo	Sudeste	chikungunya	2024-11-23	6	6
São Paulo	Sudeste	chikungunya	2024-11-16	9	9
São Paulo	Sudeste	chikungunya	2024-11-09	9	9
São Paulo	Sudeste	chikungunya	2024-11-02	5	5
São Paulo	Sudeste	chikungunya	2024-10-26	8	8
São Paulo	Sudeste	chikungunya	2024-10-19	12	12
São Paulo	Sudeste	chikungunya	2024-10-12	7	7
São Paulo	Sudeste	chikungunya	2024-10-05	10	10
São Paulo	Sudeste	chikungunya	2024-09-28	4	4
São Paulo	Sudeste	chikungunya	2024-09-21	7	7
São Paulo	Sudeste	chikungunya	2024-09-14	14	14
São Paulo	Sudeste	chikungunya	2024-09-07	10	10
São Paulo	Sudeste	chikungunya	2024-08-31	7	7
São Paulo	Sudeste	chikungunya	2024-08-24	14	14
São Paulo	Sudeste	chikungunya	2024-08-17	9	9
São Paulo	Sudeste	chikungunya	2024-08-10	10	10
São Paulo	Sudeste	chikungunya	2024-08-03	16	16
São Paulo	Sudeste	chikungunya	2024-07-27	16	16
São Paulo	Sudeste	chikungunya	2024-07-20	7	7
São Paulo	Sudeste	chikungunya	2024-07-13	13	13
São Paulo	Sudeste	chikungunya	2024-07-06	25	25
São Paulo	Sudeste	chikungunya	2024-06-29	21	21
São Paulo	Sudeste	chikungunya	2024-06-22	39	39
São Paulo	Sudeste	chikungunya	2024-06-15	28	28
São Paulo	Sudeste	chikungunya	2024-06-08	43	43
São Paulo	Sudeste	chikungunya	2024-06-01	42	42
São Paulo	Sudeste	chikungunya	2024-05-25	58	58
São Paulo	Sudeste	chikungunya	2024-05-18	109	109
São Paulo	Sudeste	chikungunya	2024-05-11	109	109
São Paulo	Sudeste	chikungunya	2024-05-04	84	84
São Paulo	Sudeste	chikungunya	2024-04-27	102	102
São Paulo	Sudeste	chikungunya	2024-04-20	107	107
São Paulo	Sudeste	chikungunya	2024-04-13	115	115
São Paulo	Sudeste	chikungunya	2024-04-06	104	104
São Paulo	Sudeste	chikungunya	2024-03-30	90	90
São Paulo	Sudeste	chikungunya	2024-03-23	107	107
São Paulo	Sudeste	chikungunya	2024-03-16	104	104
São Paulo	Sudeste	chikungunya	2024-03-09	112	112
São Paulo	Sudeste	chikungunya	2024-03-02	88	88
São Paulo	Sudeste	chikungunya	2024-02-24	75	75
São Paulo	Sudeste	chikungunya	2024-02-17	89	89
São Paulo	Sudeste	chikungunya	2024-02-10	80	80
São Paulo	Sudeste	chikungunya	2024-02-03	79	79
São Paulo	Sudeste	chikungunya	2024-01-27	39	39
São Paulo	Sudeste	chikungunya	2024-01-20	36	36
São Paulo	Sudeste	chikungunya	2024-01-13	26	26
São Paulo	Sudeste	chikungunya	2024-01-06	27	27
São Paulo	Sudeste	zika	2023-08-05	1	1
São Paulo	Sudeste	zika	2023-07-29	0	0
São Paulo	Sudeste	zika	2023-07-22	0	0
São Paulo	Sudeste	zika	2023-07-15	1	1
São Paulo	Sudeste	zika	2023-07-08	4	4
São Paulo	Sudeste	zika	2023-07-01	0	0
São Paulo	Sudeste	zika	2023-06-24	3	3
São Paulo	Sudeste	zika	2023-06-17	2	2
São Paulo	Sudeste	zika	2023-06-10	1	1
São Paulo	Sudeste	zika	2023-06-03	3	3
São Paulo	Sudeste	zika	2023-05-27	1	1
São Paulo	Sudeste	zika	2023-05-20	5	5
São Paulo	Sudeste	zika	2023-05-13	1	1
São Paulo	Sudeste	zika	2023-05-06	2	2
São Paulo	Sudeste	zika	2023-04-29	4	4
São Paulo	Sudeste	zika	2023-04-22	2	2
São Paulo	Sudeste	zika	2023-04-15	5	5
São Paulo	Sudeste	zika	2023-04-08	4	4
São Paulo	Sudeste	zika	2023-04-01	2	2
São Paulo	Sudeste	zika	2023-03-25	0	0
São Paulo	Sudeste	zika	2023-03-18	3	3
São Paulo	Sudeste	zika	2023-03-11	3	3
São Paulo	Sudeste	zika	2023-03-04	2	2
São Paulo	Sudeste	zika	2023-02-25	1	1
São Paulo	Sudeste	zika	2023-02-18	3	3
São Paulo	Sudeste	zika	2023-02-11	4	4
São Paulo	Sudeste	zika	2023-02-04	3	3
São Paulo	Sudeste	zika	2023-01-28	5	5
São Paulo	Sudeste	zika	2023-01-21	0	0
São Paulo	Sudeste	zika	2023-01-14	1	1
São Paulo	Sudeste	zika	2023-01-07	4	4
São Paulo	Sudeste	zika	2023-12-30	0	0
São Paulo	Sudeste	zika	2023-12-23	0	0
São Paulo	Sudeste	zika	2023-12-16	0	0
São Paulo	Sudeste	zika	2023-12-09	0	0
São Paulo	Sudeste	zika	2023-12-02	0	0
São Paulo	Sudeste	zika	2023-11-25	0	0
São Paulo	Sudeste	zika	2023-11-18	0	0
São Paulo	Sudeste	zika	2023-11-11	0	0
São Paulo	Sudeste	zika	2023-11-04	0	0
São Paulo	Sudeste	zika	2023-10-28	0	0
São Paulo	Sudeste	zika	2023-10-21	0	0
São Paulo	Sudeste	zika	2023-10-14	0	0
São Paulo	Sudeste	zika	2023-10-07	0	0
São Paulo	Sudeste	chikungunya	2025-01-11	24	25
São Paulo	Sudeste	zika	2023-09-30	0	0
São Paulo	Sudeste	zika	2023-09-23	0	0
São Paulo	Sudeste	zika	2023-09-16	0	0
São Paulo	Sudeste	zika	2023-09-09	0	0
São Paulo	Sudeste	zika	2023-09-02	0	0
São Paulo	Sudeste	zika	2023-08-26	0	0
São Paulo	Sudeste	zika	2023-08-19	1	1
São Paulo	Sudeste	zika	2023-08-12	0	0
São Paulo	Sudeste	dengue	2024-12-28	1721	1830
São Paulo	Sudeste	dengue	2024-12-21	1943	2006
São Paulo	Sudeste	dengue	2024-12-14	2187	2226
São Paulo	Sudeste	dengue	2024-12-07	2124	2147
São Paulo	Sudeste	dengue	2024-11-30	2048	2058
São Paulo	Sudeste	dengue	2024-11-23	2212	2212
São Paulo	Sudeste	dengue	2024-11-16	2014	2014
São Paulo	Sudeste	dengue	2024-11-09	2148	2148
São Paulo	Sudeste	dengue	2024-11-02	2200	2200
São Paulo	Sudeste	dengue	2024-10-26	2272	2272
São Paulo	Sudeste	dengue	2024-10-19	2422	2422
São Paulo	Sudeste	dengue	2024-10-12	2365	2365
São Paulo	Sudeste	dengue	2024-10-05	2658	2658
São Paulo	Sudeste	dengue	2024-09-28	3186	3186
São Paulo	Sudeste	dengue	2024-09-21	3113	3113
São Paulo	Sudeste	dengue	2024-09-14	3480	3480
São Paulo	Sudeste	dengue	2024-09-07	3490	3490
São Paulo	Sudeste	dengue	2024-08-31	2991	2991
São Paulo	Sudeste	dengue	2024-08-24	3440	3440
São Paulo	Sudeste	dengue	2024-08-17	3316	3316
São Paulo	Sudeste	dengue	2024-08-10	4073	4073
São Paulo	Sudeste	dengue	2024-08-03	4476	4476
São Paulo	Sudeste	dengue	2024-07-27	5794	5794
São Paulo	Sudeste	dengue	2024-07-20	6445	6445
São Paulo	Sudeste	dengue	2024-07-13	7565	7565
São Paulo	Sudeste	dengue	2024-07-06	10920	10920
São Paulo	Sudeste	dengue	2024-06-29	16654	16654
São Paulo	Sudeste	dengue	2024-06-22	24309	24309
São Paulo	Sudeste	dengue	2024-06-15	28085	28085
São Paulo	Sudeste	dengue	2024-06-08	29464	29464
São Paulo	Sudeste	dengue	2024-06-01	39204	39204
São Paulo	Sudeste	dengue	2024-05-25	60517	60517
São Paulo	Sudeste	dengue	2024-05-18	79627	79627
São Paulo	Sudeste	dengue	2024-05-11	85269	85269
São Paulo	Sudeste	dengue	2024-05-04	78554	78554
São Paulo	Sudeste	dengue	2024-04-27	76803	76803
São Paulo	Sudeste	dengue	2024-04-20	82481	82481
São Paulo	Sudeste	dengue	2024-04-13	82253	82253
São Paulo	Sudeste	dengue	2024-04-06	78326	78326
São Paulo	Sudeste	dengue	2024-03-30	69873	69873
São Paulo	Sudeste	dengue	2024-03-23	75281	75281
São Paulo	Sudeste	dengue	2024-03-16	58770	58770
São Paulo	Sudeste	dengue	2024-03-09	48833	48833
São Paulo	Sudeste	dengue	2024-03-02	41391	41391
São Paulo	Sudeste	dengue	2024-02-24	34450	34450
São Paulo	Sudeste	dengue	2024-02-17	27327	27327
São Paulo	Sudeste	dengue	2024-02-10	21280	21280
São Paulo	Sudeste	dengue	2024-02-03	14792	14792
São Paulo	Sudeste	dengue	2024-01-27	7176	7176
São Paulo	Sudeste	dengue	2024-01-20	4675	4675
São Paulo	Sudeste	dengue	2024-01-13	3107	3107
São Paulo	Sudeste	dengue	2024-01-06	2456	2456
São Paulo	Sudeste	zika	2024-02-17	0	0
São Paulo	Sudeste	zika	2024-02-10	0	0
São Paulo	Sudeste	zika	2024-02-03	0	0
São Paulo	Sudeste	zika	2024-01-27	0	0
São Paulo	Sudeste	zika	2024-01-20	2	2
São Paulo	Sudeste	zika	2024-01-13	1	1
São Paulo	Sudeste	zika	2024-01-06	5	5
São Paulo	Sudeste	dengue	2025-01-04	2894	2949
São Paulo	Sudeste	dengue	2025-01-11	3663	3725
São Paulo	Sudeste	dengue	2025-02-01	6554	6661
São Paulo	Sudeste	chikungunya	2025-01-25	19	21
São Paulo	Sudeste	chikungunya	2025-02-01	26	28
São Paulo	Sudeste	chikungunya	2025-01-04	23	24
São Paulo	Sudeste	dengue	2025-01-25	5559	5658
São Paulo	Sudeste	dengue	2025-02-08	8204	8320
São Paulo	Sudeste	chikungunya	2025-02-08	22	24
São Paulo	Sudeste	dengue	2025-02-15	11299	11536
São Paulo	Sudeste	chikungunya	2025-02-15	18	20
São Paulo	Sudeste	chikungunya	2025-02-22	17	21
São Paulo	Sudeste	dengue	2025-01-18	4230	4309
São Paulo	Sudeste	chikungunya	2025-01-18	17	19
São Paulo	Sudeste	dengue	2025-03-01	13099	13936
São Paulo	Sudeste	chikungunya	2025-03-01	24	29
São Paulo	Sudeste	dengue	2025-02-22	13128	13589
São Paulo	Sudeste	dengue	2025-03-08	13093	14639
São Paulo	Sudeste	chikungunya	2025-03-08	22	30
São Paulo	Sudeste	chikungunya	2025-03-15	28	41
São Paulo	Sudeste	dengue	2025-03-22	12954	19462
São Paulo	Sudeste	dengue	2025-03-15	14232	17173
São Paulo	Sudeste	chikungunya	2025-03-22	14	35
São Paulo	Sudeste	chikungunya	2025-03-29	4	37
São Paulo	Sudeste	dengue	2025-03-29	4445	21508
