state	year	virus	epiweek_end	result_count
SAO PAULO	2021	covid	2021-01-09	6525
SAO PAULO	2021	covid	2021-01-16	5952
SAO PAULO	2021	covid	2021-01-23	5418
SAO PAULO	2021	covid	2021-01-30	4925
SAO PAULO	2021	covid	2021-02-06	5693
SAO PAULO	2021	covid	2021-02-13	6085
SAO PAULO	2021	covid	2021-02-20	8706
SAO PAULO	2021	covid	2021-02-27	9752
SAO PAULO	2021	covid	2021-03-06	14942
SAO PAULO	2021	covid	2021-03-13	16889
SAO PAULO	2021	covid	2021-03-20	16808
SAO PAULO	2021	covid	2021-03-27	12777
SAO PAULO	2021	covid	2021-04-03	11067
SAO PAULO	2021	covid	2021-04-10	10291
SAO PAULO	2021	covid	2021-04-17	9165
SAO PAULO	2021	covid	2021-04-24	9406
SAO PAULO	2021	covid	2021-05-01	10063
SAO PAULO	2021	covid	2021-05-08	10279
SAO PAULO	2021	covid	2021-05-15	11808
SAO PAULO	2021	covid	2021-05-22	11852
SAO PAULO	2021	covid	2021-05-29	12465
SAO PAULO	2021	covid	2021-06-05	12608
SAO PAULO	2021	covid	2021-06-12	10787
SAO PAULO	2021	covid	2021-06-19	8957
SAO PAULO	2021	covid	2021-06-26	7377
SAO PAULO	2021	covid	2021-07-03	6234
SAO PAULO	2021	covid	2021-07-10	5260
SAO PAULO	2021	covid	2021-07-17	3875
SAO PAULO	2021	covid	2021-07-24	3585
SAO PAULO	2021	covid	2021-07-31	3060
SAO PAULO	2021	covid	2021-08-07	2977
SAO PAULO	2021	covid	2021-08-14	2127
SAO PAULO	2021	covid	2021-08-21	1767
SAO PAULO	2021	covid	2021-08-28	1570
SAO PAULO	2021	covid	2021-09-04	1713
SAO PAULO	2021	covid	2021-09-11	1552
SAO PAULO	2021	covid	2021-09-18	1420
SAO PAULO	2021	covid	2021-09-25	1292
SAO PAULO	2021	covid	2021-10-02	1142
SAO PAULO	2021	covid	2021-10-09	895
SAO PAULO	2021	covid	2021-10-16	805
SAO PAULO	2021	covid	2021-10-23	695
SAO PAULO	2021	covid	2021-10-30	597
SAO PAULO	2021	covid	2021-11-06	504
SAO PAULO	2021	covid	2021-11-13	462
SAO PAULO	2021	covid	2021-11-20	415
SAO PAULO	2021	covid	2021-11-27	335
SAO PAULO	2021	covid	2021-12-04	275
SAO PAULO	2021	covid	2021-12-11	253
SAO PAULO	2021	covid	2021-12-18	297
SAO PAULO	2021	covid	2021-12-25	699
SAO PAULO	2021	covid	2022-01-01	1261
SAO PAULO	2021	flua	2021-01-09	3
SAO PAULO	2021	flua	2021-01-16	4
SAO PAULO	2021	flua	2021-01-23	3
SAO PAULO	2021	flua	2021-01-30	4
SAO PAULO	2021	flua	2021-02-20	7
SAO PAULO	2021	flua	2021-02-27	10
SAO PAULO	2021	flua	2021-03-06	3
SAO PAULO	2021	flua	2021-03-13	8
SAO PAULO	2021	flua	2021-03-20	12
SAO PAULO	2021	flua	2021-03-27	2
SAO PAULO	2021	flua	2021-04-03	1
SAO PAULO	2021	flua	2021-04-10	4
SAO PAULO	2021	flua	2021-04-17	3
SAO PAULO	2021	flua	2021-04-24	2
SAO PAULO	2021	flua	2021-05-01	6
SAO PAULO	2021	flua	2021-05-08	6
SAO PAULO	2021	flua	2021-05-15	2
SAO PAULO	2021	flua	2021-05-22	7
SAO PAULO	2021	flua	2021-05-29	10
SAO PAULO	2021	flua	2021-06-05	6
SAO PAULO	2021	flua	2021-06-12	2
SAO PAULO	2021	flua	2021-06-19	6
SAO PAULO	2021	flua	2021-06-26	5
SAO PAULO	2021	flua	2021-07-03	3
SAO PAULO	2021	flua	2021-07-10	5
SAO PAULO	2021	flua	2021-07-17	6
SAO PAULO	2021	flua	2021-07-24	2
SAO PAULO	2021	flua	2021-07-31	7
SAO PAULO	2021	flua	2021-08-07	5
SAO PAULO	2021	flua	2021-08-14	1
SAO PAULO	2021	flua	2021-08-21	7
SAO PAULO	2021	flua	2021-08-28	7
SAO PAULO	2021	flua	2021-09-04	2
SAO PAULO	2021	flua	2021-09-11	6
SAO PAULO	2021	flua	2021-09-18	7
SAO PAULO	2021	flua	2021-09-25	2
SAO PAULO	2021	flua	2021-10-02	6
SAO PAULO	2021	flua	2021-10-09	4
SAO PAULO	2021	flua	2021-10-16	8
SAO PAULO	2021	flua	2021-10-23	9
SAO PAULO	2021	flua	2021-10-30	4
SAO PAULO	2021	flua	2021-11-06	12
SAO PAULO	2021	flua	2021-11-13	6
SAO PAULO	2021	flua	2021-11-20	14
SAO PAULO	2021	flua	2021-11-27	35
SAO PAULO	2021	flua	2021-12-04	92
SAO PAULO	2021	flua	2021-12-11	347
SAO PAULO	2021	flua	2021-12-18	1000
SAO PAULO	2021	flua	2021-12-25	1415
SAO PAULO	2021	flua	2022-01-01	1059
SAO PAULO	2021	flub	2021-01-09	3
SAO PAULO	2021	flub	2021-01-16	1
SAO PAULO	2021	flub	2021-01-23	1
SAO PAULO	2021	flub	2021-02-06	1
SAO PAULO	2021	flub	2021-02-20	1
SAO PAULO	2021	flub	2021-02-27	2
SAO PAULO	2021	flub	2021-03-06	4
SAO PAULO	2021	flub	2021-03-20	2
SAO PAULO	2021	flub	2021-03-27	2
SAO PAULO	2021	flub	2021-04-10	3
SAO PAULO	2021	flub	2021-04-17	2
SAO PAULO	2021	flub	2021-04-24	5
SAO PAULO	2021	flub	2021-05-08	1
SAO PAULO	2021	flub	2021-05-15	4
SAO PAULO	2021	flub	2021-05-22	4
SAO PAULO	2021	flub	2021-05-29	6
SAO PAULO	2021	flub	2021-06-05	4
SAO PAULO	2021	flub	2021-06-12	7
SAO PAULO	2021	flub	2021-06-19	11
SAO PAULO	2021	flub	2021-06-26	4
SAO PAULO	2021	flub	2021-07-03	2
SAO PAULO	2021	flub	2021-07-10	6
SAO PAULO	2021	flub	2021-07-17	2
SAO PAULO	2021	flub	2021-07-24	3
SAO PAULO	2021	flub	2021-07-31	1
SAO PAULO	2021	flub	2021-08-07	2
SAO PAULO	2021	flub	2021-08-14	2
SAO PAULO	2021	flub	2021-08-21	1
SAO PAULO	2021	flub	2021-08-28	1
SAO PAULO	2021	flub	2021-09-04	3
SAO PAULO	2021	flub	2021-09-11	1
SAO PAULO	2021	flub	2021-09-18	4
SAO PAULO	2021	flub	2021-09-25	2
SAO PAULO	2021	flub	2021-10-09	5
SAO PAULO	2021	flub	2021-10-16	2
SAO PAULO	2021	flub	2021-10-30	2
SAO PAULO	2021	flub	2021-11-06	3
SAO PAULO	2021	flub	2021-11-13	1
SAO PAULO	2021	flub	2021-11-27	2
SAO PAULO	2021	flub	2021-12-04	5
SAO PAULO	2021	flub	2021-12-11	6
SAO PAULO	2021	flub	2021-12-18	14
SAO PAULO	2021	flub	2021-12-25	12
SAO PAULO	2021	flub	2022-01-01	12
SAO PAULO	2021	vsr	2021-01-09	20
SAO PAULO	2021	vsr	2021-01-16	28
SAO PAULO	2021	vsr	2021-01-23	31
SAO PAULO	2021	vsr	2021-01-30	63
SAO PAULO	2021	vsr	2021-02-06	77
SAO PAULO	2021	vsr	2021-02-13	106
SAO PAULO	2021	vsr	2021-02-20	124
SAO PAULO	2021	vsr	2021-02-27	146
SAO PAULO	2021	vsr	2021-03-06	194
SAO PAULO	2021	vsr	2021-03-13	192
SAO PAULO	2021	vsr	2021-03-20	179
SAO PAULO	2021	vsr	2021-03-27	175
SAO PAULO	2021	vsr	2021-04-03	132
SAO PAULO	2021	vsr	2021-04-10	105
SAO PAULO	2021	vsr	2021-04-17	93
SAO PAULO	2021	vsr	2021-04-24	65
SAO PAULO	2021	vsr	2021-05-01	60
SAO PAULO	2021	vsr	2021-05-08	68
SAO PAULO	2021	vsr	2021-05-15	52
SAO PAULO	2021	vsr	2021-05-22	32
SAO PAULO	2021	vsr	2021-05-29	42
SAO PAULO	2021	vsr	2021-06-05	41
SAO PAULO	2021	vsr	2021-06-12	52
SAO PAULO	2021	vsr	2021-06-19	33
SAO PAULO	2021	vsr	2021-06-26	47
SAO PAULO	2021	vsr	2021-07-03	43
SAO PAULO	2021	vsr	2021-07-10	39
SAO PAULO	2021	vsr	2021-07-17	32
SAO PAULO	2021	vsr	2021-07-24	43
SAO PAULO	2021	vsr	2021-07-31	35
SAO PAULO	2021	vsr	2021-08-07	53
SAO PAULO	2021	vsr	2021-08-14	46
SAO PAULO	2021	vsr	2021-08-21	48
SAO PAULO	2021	vsr	2021-08-28	42
SAO PAULO	2021	vsr	2021-09-04	55
SAO PAULO	2021	vsr	2021-09-11	42
SAO PAULO	2021	vsr	2021-09-18	43
SAO PAULO	2021	vsr	2021-09-25	68
SAO PAULO	2021	vsr	2021-10-02	77
SAO PAULO	2021	vsr	2021-10-09	78
SAO PAULO	2021	vsr	2021-10-16	105
SAO PAULO	2021	vsr	2021-10-23	169
SAO PAULO	2021	vsr	2021-10-30	155
SAO PAULO	2021	vsr	2021-11-06	208
SAO PAULO	2021	vsr	2021-11-13	172
SAO PAULO	2021	vsr	2021-11-20	198
SAO PAULO	2021	vsr	2021-11-27	171
SAO PAULO	2021	vsr	2021-12-04	185
SAO PAULO	2021	vsr	2021-12-11	158
SAO PAULO	2021	vsr	2021-12-18	166
SAO PAULO	2021	vsr	2021-12-25	133
SAO PAULO	2021	vsr	2022-01-01	90
SAO PAULO	2022	covid	2022-01-01	602
SAO PAULO	2022	covid	2022-01-08	3913
SAO PAULO	2022	covid	2022-01-15	6323
SAO PAULO	2022	covid	2022-01-22	7296
SAO PAULO	2022	covid	2022-01-29	5483
SAO PAULO	2022	covid	2022-02-05	4077
SAO PAULO	2022	covid	2022-02-12	2561
SAO PAULO	2022	covid	2022-02-19	1477
SAO PAULO	2022	covid	2022-02-26	925
SAO PAULO	2022	covid	2022-03-05	599
SAO PAULO	2022	covid	2022-03-12	370
SAO PAULO	2022	covid	2022-03-19	245
SAO PAULO	2022	covid	2022-03-26	227
SAO PAULO	2022	covid	2022-04-02	162
SAO PAULO	2022	covid	2022-04-09	199
SAO PAULO	2022	covid	2022-04-16	169
SAO PAULO	2022	covid	2022-04-23	249
SAO PAULO	2022	covid	2022-04-30	282
SAO PAULO	2022	covid	2022-05-07	438
SAO PAULO	2022	covid	2022-05-14	670
SAO PAULO	2022	covid	2022-05-21	969
SAO PAULO	2022	covid	2022-05-28	1533
SAO PAULO	2022	covid	2022-06-04	2027
SAO PAULO	2022	covid	2022-06-11	2038
SAO PAULO	2022	covid	2022-06-18	2126
SAO PAULO	2022	covid	2022-06-25	2286
SAO PAULO	2022	covid	2022-07-02	2026
SAO PAULO	2022	covid	2022-07-09	1545
SAO PAULO	2022	covid	2022-07-16	1205
SAO PAULO	2022	covid	2022-07-23	835
SAO PAULO	2022	covid	2022-07-30	626
SAO PAULO	2022	covid	2022-08-06	505
SAO PAULO	2022	covid	2022-08-13	378
SAO PAULO	2022	covid	2022-08-20	349
SAO PAULO	2022	covid	2022-08-27	242
SAO PAULO	2022	covid	2022-09-03	169
SAO PAULO	2022	covid	2022-09-10	141
SAO PAULO	2022	covid	2022-09-17	114
SAO PAULO	2022	covid	2022-09-24	87
SAO PAULO	2022	covid	2022-10-01	107
SAO PAULO	2022	covid	2022-10-08	107
SAO PAULO	2022	covid	2022-10-15	148
SAO PAULO	2022	covid	2022-10-22	199
SAO PAULO	2022	covid	2022-10-29	306
SAO PAULO	2022	covid	2022-11-05	640
SAO PAULO	2022	covid	2022-11-12	1273
SAO PAULO	2022	covid	2022-11-19	1512
SAO PAULO	2022	covid	2022-11-26	1321
SAO PAULO	2022	covid	2022-12-03	1194
SAO PAULO	2022	covid	2022-12-10	1093
SAO PAULO	2022	covid	2022-12-17	1088
SAO PAULO	2022	covid	2022-12-24	950
SAO PAULO	2022	covid	2022-12-31	773
SAO PAULO	2022	flua	2022-01-01	240
SAO PAULO	2022	flua	2022-01-08	915
SAO PAULO	2022	flua	2022-01-15	416
SAO PAULO	2022	flua	2022-01-22	147
SAO PAULO	2022	flua	2022-01-29	44
SAO PAULO	2022	flua	2022-02-05	39
SAO PAULO	2022	flua	2022-02-12	23
SAO PAULO	2022	flua	2022-02-19	11
SAO PAULO	2022	flua	2022-02-26	16
SAO PAULO	2022	flua	2022-03-05	18
SAO PAULO	2022	flua	2022-03-12	11
SAO PAULO	2022	flua	2022-03-19	15
SAO PAULO	2022	flua	2022-03-26	14
SAO PAULO	2022	flua	2022-04-02	6
SAO PAULO	2022	flua	2022-04-09	6
SAO PAULO	2022	flua	2022-04-16	11
SAO PAULO	2022	flua	2022-04-23	14
SAO PAULO	2022	flua	2022-04-30	7
SAO PAULO	2022	flua	2022-05-07	14
SAO PAULO	2022	flua	2022-05-14	19
SAO PAULO	2022	flua	2022-05-21	18
SAO PAULO	2022	flua	2022-05-28	24
SAO PAULO	2022	flua	2022-06-04	13
SAO PAULO	2022	flua	2022-06-11	14
SAO PAULO	2022	flua	2022-06-18	15
SAO PAULO	2022	flua	2022-06-25	22
SAO PAULO	2022	flua	2022-07-02	17
SAO PAULO	2022	flua	2022-07-09	18
SAO PAULO	2022	flua	2022-07-16	15
SAO PAULO	2022	flua	2022-07-23	10
SAO PAULO	2022	flua	2022-07-30	13
SAO PAULO	2022	flua	2022-08-06	16
SAO PAULO	2022	flua	2022-08-13	11
SAO PAULO	2022	flua	2022-08-20	20
SAO PAULO	2022	flua	2022-08-27	33
SAO PAULO	2022	flua	2022-09-03	64
SAO PAULO	2022	flua	2022-09-10	106
SAO PAULO	2022	flua	2022-09-17	145
SAO PAULO	2022	flua	2022-09-24	175
SAO PAULO	2022	flua	2022-10-01	183
SAO PAULO	2022	flua	2022-10-08	182
SAO PAULO	2022	flua	2022-10-15	133
SAO PAULO	2022	flua	2022-10-22	110
SAO PAULO	2022	flua	2022-10-29	68
SAO PAULO	2022	flua	2022-11-05	44
SAO PAULO	2022	flua	2022-11-12	35
SAO PAULO	2022	flua	2022-11-19	36
SAO PAULO	2022	flua	2022-11-26	25
SAO PAULO	2022	flua	2022-12-03	13
SAO PAULO	2022	flua	2022-12-10	15
SAO PAULO	2022	flua	2022-12-17	14
SAO PAULO	2022	flua	2022-12-24	10
SAO PAULO	2022	flua	2022-12-31	8
SAO PAULO	2022	flub	2022-01-08	11
SAO PAULO	2022	flub	2022-01-15	11
SAO PAULO	2022	flub	2022-01-22	4
SAO PAULO	2022	flub	2022-01-29	7
SAO PAULO	2022	flub	2022-02-05	3
SAO PAULO	2022	flub	2022-02-12	10
SAO PAULO	2022	flub	2022-02-19	2
SAO PAULO	2022	flub	2022-02-26	7
SAO PAULO	2022	flub	2022-03-05	2
SAO PAULO	2022	flub	2022-03-12	3
SAO PAULO	2022	flub	2022-03-19	3
SAO PAULO	2022	flub	2022-03-26	3
SAO PAULO	2022	flub	2022-04-02	1
SAO PAULO	2022	flub	2022-04-09	2
SAO PAULO	2022	flub	2022-04-16	2
SAO PAULO	2022	flub	2022-04-23	8
SAO PAULO	2022	flub	2022-04-30	2
SAO PAULO	2022	flub	2022-05-07	2
SAO PAULO	2022	flub	2022-05-14	6
SAO PAULO	2022	flub	2022-05-21	4
SAO PAULO	2022	flub	2022-05-28	5
SAO PAULO	2022	flub	2022-06-04	2
SAO PAULO	2022	flub	2022-06-18	3
SAO PAULO	2022	flub	2022-06-25	3
SAO PAULO	2022	flub	2022-07-02	3
SAO PAULO	2022	flub	2022-07-16	4
SAO PAULO	2022	flub	2022-07-23	2
SAO PAULO	2022	flub	2022-08-06	1
SAO PAULO	2022	flub	2022-08-13	3
SAO PAULO	2022	flub	2022-08-20	1
SAO PAULO	2022	flub	2022-08-27	1
SAO PAULO	2022	flub	2022-09-10	2
SAO PAULO	2022	flub	2022-09-24	3
SAO PAULO	2022	flub	2022-10-01	5
SAO PAULO	2022	flub	2022-10-08	10
SAO PAULO	2022	flub	2022-10-15	1
SAO PAULO	2022	flub	2022-10-22	2
SAO PAULO	2022	flub	2022-10-29	2
SAO PAULO	2022	flub	2022-11-12	2
SAO PAULO	2022	flub	2022-11-19	5
SAO PAULO	2022	flub	2022-11-26	2
SAO PAULO	2022	flub	2022-12-03	2
SAO PAULO	2022	flub	2022-12-10	1
SAO PAULO	2022	flub	2022-12-17	3
SAO PAULO	2022	flub	2022-12-24	2
SAO PAULO	2022	flub	2022-12-31	3
SAO PAULO	2022	vsr	2022-01-01	18
SAO PAULO	2022	vsr	2022-01-08	133
SAO PAULO	2022	vsr	2022-01-15	109
SAO PAULO	2022	vsr	2022-01-22	87
SAO PAULO	2022	vsr	2022-01-29	62
SAO PAULO	2022	vsr	2022-02-05	93
SAO PAULO	2022	vsr	2022-02-12	101
SAO PAULO	2022	vsr	2022-02-19	107
SAO PAULO	2022	vsr	2022-02-26	148
SAO PAULO	2022	vsr	2022-03-05	156
SAO PAULO	2022	vsr	2022-03-12	124
SAO PAULO	2022	vsr	2022-03-19	134
SAO PAULO	2022	vsr	2022-03-26	185
SAO PAULO	2022	vsr	2022-04-02	179
SAO PAULO	2022	vsr	2022-04-09	191
SAO PAULO	2022	vsr	2022-04-16	172
SAO PAULO	2022	vsr	2022-04-23	189
SAO PAULO	2022	vsr	2022-04-30	152
SAO PAULO	2022	vsr	2022-05-07	121
SAO PAULO	2022	vsr	2022-05-14	127
SAO PAULO	2022	vsr	2022-05-21	116
SAO PAULO	2022	vsr	2022-05-28	80
SAO PAULO	2022	vsr	2022-06-04	88
SAO PAULO	2022	vsr	2022-06-11	83
SAO PAULO	2022	vsr	2022-06-18	73
SAO PAULO	2022	vsr	2022-06-25	75
SAO PAULO	2022	vsr	2022-07-02	69
SAO PAULO	2022	vsr	2022-07-09	70
SAO PAULO	2022	vsr	2022-07-16	40
SAO PAULO	2022	vsr	2022-07-23	28
SAO PAULO	2022	vsr	2022-07-30	18
SAO PAULO	2022	vsr	2022-08-06	28
SAO PAULO	2022	vsr	2022-08-13	25
SAO PAULO	2022	vsr	2022-08-20	27
SAO PAULO	2022	vsr	2022-08-27	21
SAO PAULO	2022	vsr	2022-09-03	23
SAO PAULO	2022	vsr	2022-09-10	31
SAO PAULO	2022	vsr	2022-09-17	43
SAO PAULO	2022	vsr	2022-09-24	66
SAO PAULO	2022	vsr	2022-10-01	73
SAO PAULO	2022	vsr	2022-10-08	137
SAO PAULO	2022	vsr	2022-10-15	162
SAO PAULO	2022	vsr	2022-10-22	192
SAO PAULO	2022	vsr	2022-10-29	163
SAO PAULO	2022	vsr	2022-11-05	177
SAO PAULO	2022	vsr	2022-11-12	202
SAO PAULO	2022	vsr	2022-11-19	199
SAO PAULO	2022	vsr	2022-11-26	171
SAO PAULO	2022	vsr	2022-12-03	172
SAO PAULO	2022	vsr	2022-12-10	201
SAO PAULO	2022	vsr	2022-12-17	172
SAO PAULO	2022	vsr	2022-12-24	183
SAO PAULO	2022	vsr	2022-12-31	154
SAO PAULO	2023	covid	2023-01-07	626
SAO PAULO	2023	covid	2023-01-14	499
SAO PAULO	2023	covid	2023-01-21	380
SAO PAULO	2023	covid	2023-01-28	335
SAO PAULO	2023	covid	2023-02-04	379
SAO PAULO	2023	covid	2023-02-11	492
SAO PAULO	2023	covid	2023-02-18	598
SAO PAULO	2023	covid	2023-02-25	667
SAO PAULO	2023	covid	2023-03-04	787
SAO PAULO	2023	covid	2023-03-11	693
SAO PAULO	2023	covid	2023-03-18	598
SAO PAULO	2023	covid	2023-03-25	551
SAO PAULO	2023	covid	2023-04-01	361
SAO PAULO	2023	covid	2023-04-08	268
SAO PAULO	2023	covid	2023-04-15	241
SAO PAULO	2023	covid	2023-04-22	199
SAO PAULO	2023	covid	2023-04-29	149
SAO PAULO	2023	covid	2023-05-06	149
SAO PAULO	2023	covid	2023-05-13	162
SAO PAULO	2023	covid	2023-05-20	202
SAO PAULO	2023	covid	2023-05-27	144
SAO PAULO	2023	covid	2023-06-03	125
SAO PAULO	2023	covid	2023-06-10	84
SAO PAULO	2023	covid	2023-06-17	97
SAO PAULO	2023	covid	2023-06-24	118
SAO PAULO	2023	covid	2023-07-01	118
SAO PAULO	2023	covid	2023-07-08	97
SAO PAULO	2023	covid	2023-07-15	97
SAO PAULO	2023	covid	2023-07-22	88
SAO PAULO	2023	covid	2023-07-29	126
SAO PAULO	2023	covid	2023-08-05	133
SAO PAULO	2023	covid	2023-08-12	150
SAO PAULO	2023	covid	2023-08-19	175
SAO PAULO	2023	covid	2023-08-26	181
SAO PAULO	2023	covid	2023-09-02	227
SAO PAULO	2023	covid	2023-09-09	270
SAO PAULO	2023	covid	2023-09-16	310
SAO PAULO	2023	covid	2023-09-23	422
SAO PAULO	2023	covid	2023-09-30	415
SAO PAULO	2023	covid	2023-10-07	579
SAO PAULO	2023	covid	2023-10-14	560
SAO PAULO	2023	covid	2023-10-21	747
SAO PAULO	2023	covid	2023-10-28	673
SAO PAULO	2023	covid	2023-11-04	501
SAO PAULO	2023	covid	2023-11-11	431
SAO PAULO	2023	covid	2023-11-18	350
SAO PAULO	2023	covid	2023-11-25	244
SAO PAULO	2023	covid	2023-12-02	142
SAO PAULO	2023	covid	2023-12-09	133
SAO PAULO	2023	covid	2023-12-16	106
SAO PAULO	2023	covid	2023-12-23	100
SAO PAULO	2023	covid	2023-12-30	121
SAO PAULO	2023	covid	2024-01-06	18
SAO PAULO	2023	flua	2023-01-07	5
SAO PAULO	2023	flua	2023-01-14	8
SAO PAULO	2023	flua	2023-01-21	8
SAO PAULO	2023	flua	2023-01-28	5
SAO PAULO	2023	flua	2023-02-04	12
SAO PAULO	2023	flua	2023-02-11	12
SAO PAULO	2023	flua	2023-02-18	15
SAO PAULO	2023	flua	2023-02-25	19
SAO PAULO	2023	flua	2023-03-04	18
SAO PAULO	2023	flua	2023-03-11	18
SAO PAULO	2023	flua	2023-03-18	33
SAO PAULO	2023	flua	2023-03-25	51
SAO PAULO	2023	flua	2023-04-01	72
SAO PAULO	2023	flua	2023-04-08	78
SAO PAULO	2023	flua	2023-04-15	134
SAO PAULO	2023	flua	2023-04-22	147
SAO PAULO	2023	flua	2023-04-29	141
SAO PAULO	2023	flua	2023-05-06	178
SAO PAULO	2023	flua	2023-05-13	172
SAO PAULO	2023	flua	2023-05-20	192
SAO PAULO	2023	flua	2023-05-27	234
SAO PAULO	2023	flua	2023-06-03	174
SAO PAULO	2023	flua	2023-06-10	176
SAO PAULO	2023	flua	2023-06-17	126
SAO PAULO	2023	flua	2023-06-24	87
SAO PAULO	2023	flua	2023-07-01	64
SAO PAULO	2023	flua	2023-07-08	56
SAO PAULO	2023	flua	2023-07-15	42
SAO PAULO	2023	flua	2023-07-22	25
SAO PAULO	2023	flua	2023-07-29	15
SAO PAULO	2023	flua	2023-08-05	22
SAO PAULO	2023	flua	2023-08-12	16
SAO PAULO	2023	flua	2023-08-19	13
SAO PAULO	2023	flua	2023-08-26	15
SAO PAULO	2023	flua	2023-09-02	13
SAO PAULO	2023	flua	2023-09-09	5
SAO PAULO	2023	flua	2023-09-16	10
SAO PAULO	2023	flua	2023-09-23	11
SAO PAULO	2023	flua	2023-09-30	3
SAO PAULO	2023	flua	2023-10-07	11
SAO PAULO	2023	flua	2023-10-14	9
SAO PAULO	2023	flua	2023-10-21	16
SAO PAULO	2023	flua	2023-10-28	4
SAO PAULO	2023	flua	2023-11-04	13
SAO PAULO	2023	flua	2023-11-11	8
SAO PAULO	2023	flua	2023-11-18	7
SAO PAULO	2023	flua	2023-11-25	8
SAO PAULO	2023	flua	2023-12-02	10
SAO PAULO	2023	flua	2023-12-09	8
SAO PAULO	2023	flua	2023-12-16	10
SAO PAULO	2023	flua	2023-12-23	6
SAO PAULO	2023	flua	2023-12-30	9
SAO PAULO	2023	flua	2024-01-06	1
SAO PAULO	2023	flub	2023-01-07	8
SAO PAULO	2023	flub	2023-01-14	3
SAO PAULO	2023	flub	2023-01-21	10
SAO PAULO	2023	flub	2023-01-28	6
SAO PAULO	2023	flub	2023-02-04	22
SAO PAULO	2023	flub	2023-02-11	27
SAO PAULO	2023	flub	2023-02-18	17
SAO PAULO	2023	flub	2023-02-25	53
SAO PAULO	2023	flub	2023-03-04	58
SAO PAULO	2023	flub	2023-03-11	51
SAO PAULO	2023	flub	2023-03-18	53
SAO PAULO	2023	flub	2023-03-25	54
SAO PAULO	2023	flub	2023-04-01	43
SAO PAULO	2023	flub	2023-04-08	74
SAO PAULO	2023	flub	2023-04-15	111
SAO PAULO	2023	flub	2023-04-22	94
SAO PAULO	2023	flub	2023-04-29	89
SAO PAULO	2023	flub	2023-05-06	49
SAO PAULO	2023	flub	2023-05-13	33
SAO PAULO	2023	flub	2023-05-20	43
SAO PAULO	2023	flub	2023-05-27	47
SAO PAULO	2023	flub	2023-06-03	33
SAO PAULO	2023	flub	2023-06-10	25
SAO PAULO	2023	flub	2023-06-17	19
SAO PAULO	2023	flub	2023-06-24	16
SAO PAULO	2023	flub	2023-07-01	7
SAO PAULO	2023	flub	2023-07-08	11
SAO PAULO	2023	flub	2023-07-15	18
SAO PAULO	2023	flub	2023-07-22	9
SAO PAULO	2023	flub	2023-07-29	5
SAO PAULO	2023	flub	2023-08-05	7
SAO PAULO	2023	flub	2023-08-12	7
SAO PAULO	2023	flub	2023-08-19	5
SAO PAULO	2023	flub	2023-08-26	6
SAO PAULO	2023	flub	2023-09-02	4
SAO PAULO	2023	flub	2023-09-09	5
SAO PAULO	2023	flub	2023-09-16	2
SAO PAULO	2023	flub	2023-09-23	1
SAO PAULO	2023	flub	2023-09-30	1
SAO PAULO	2023	flub	2023-10-07	2
SAO PAULO	2023	flub	2023-10-14	4
SAO PAULO	2023	flub	2023-10-21	3
SAO PAULO	2023	flub	2023-10-28	5
SAO PAULO	2023	flub	2023-11-04	5
SAO PAULO	2023	flub	2023-11-11	4
SAO PAULO	2023	flub	2023-11-18	2
SAO PAULO	2023	flub	2023-11-25	1
SAO PAULO	2023	flub	2023-12-02	1
SAO PAULO	2023	flub	2023-12-09	3
SAO PAULO	2023	flub	2023-12-16	3
SAO PAULO	2023	flub	2023-12-23	1
SAO PAULO	2023	flub	2023-12-30	3
SAO PAULO	2023	vsr	2023-01-07	132
SAO PAULO	2023	vsr	2023-01-14	108
SAO PAULO	2023	vsr	2023-01-21	93
SAO PAULO	2023	vsr	2023-01-28	92
SAO PAULO	2023	vsr	2023-02-04	84
SAO PAULO	2023	vsr	2023-02-11	107
SAO PAULO	2023	vsr	2023-02-18	153
SAO PAULO	2023	vsr	2023-02-25	171
SAO PAULO	2023	vsr	2023-03-04	206
SAO PAULO	2023	vsr	2023-03-11	262
SAO PAULO	2023	vsr	2023-03-18	287
SAO PAULO	2023	vsr	2023-03-25	308
SAO PAULO	2023	vsr	2023-04-01	339
SAO PAULO	2023	vsr	2023-04-08	298
SAO PAULO	2023	vsr	2023-04-15	286
SAO PAULO	2023	vsr	2023-04-22	215
SAO PAULO	2023	vsr	2023-04-29	182
SAO PAULO	2023	vsr	2023-05-06	172
SAO PAULO	2023	vsr	2023-05-13	141
SAO PAULO	2023	vsr	2023-05-20	112
SAO PAULO	2023	vsr	2023-05-27	105
SAO PAULO	2023	vsr	2023-06-03	125
SAO PAULO	2023	vsr	2023-06-10	92
SAO PAULO	2023	vsr	2023-06-17	86
SAO PAULO	2023	vsr	2023-06-24	115
SAO PAULO	2023	vsr	2023-07-01	119
SAO PAULO	2023	vsr	2023-07-08	123
SAO PAULO	2023	vsr	2023-07-15	95
SAO PAULO	2023	vsr	2023-07-22	57
SAO PAULO	2023	vsr	2023-07-29	50
SAO PAULO	2023	vsr	2023-08-05	88
SAO PAULO	2023	vsr	2023-08-12	77
SAO PAULO	2023	vsr	2023-08-19	62
SAO PAULO	2023	vsr	2023-08-26	64
SAO PAULO	2023	vsr	2023-09-02	72
SAO PAULO	2023	vsr	2023-09-09	55
SAO PAULO	2023	vsr	2023-09-16	72
SAO PAULO	2023	vsr	2023-09-23	86
SAO PAULO	2023	vsr	2023-09-30	56
SAO PAULO	2023	vsr	2023-10-07	71
SAO PAULO	2023	vsr	2023-10-14	115
SAO PAULO	2023	vsr	2023-10-21	117
SAO PAULO	2023	vsr	2023-10-28	109
SAO PAULO	2023	vsr	2023-11-04	115
SAO PAULO	2023	vsr	2023-11-11	86
SAO PAULO	2023	vsr	2023-11-18	75
SAO PAULO	2023	vsr	2023-11-25	100
SAO PAULO	2023	vsr	2023-12-02	115
SAO PAULO	2023	vsr	2023-12-09	98
SAO PAULO	2023	vsr	2023-12-16	96
SAO PAULO	2023	vsr	2023-12-23	78
SAO PAULO	2023	vsr	2023-12-30	52
SAO PAULO	2023	vsr	2024-01-06	12
SAO PAULO	2024	covid	2024-01-06	110
SAO PAULO	2024	covid	2024-01-13	124
SAO PAULO	2024	covid	2024-01-20	160
SAO PAULO	2024	covid	2024-01-27	232
SAO PAULO	2024	covid	2024-02-03	362
SAO PAULO	2024	covid	2024-02-10	480
SAO PAULO	2024	covid	2024-02-17	594
SAO PAULO	2024	covid	2024-02-24	775
SAO PAULO	2024	covid	2024-03-02	632
SAO PAULO	2024	covid	2024-03-09	448
SAO PAULO	2024	covid	2024-03-16	362
SAO PAULO	2024	covid	2024-03-23	222
SAO PAULO	2024	covid	2024-03-30	166
SAO PAULO	2024	covid	2024-04-06	145
SAO PAULO	2024	covid	2024-04-13	127
SAO PAULO	2024	covid	2024-04-20	96
SAO PAULO	2024	covid	2024-04-27	63
SAO PAULO	2024	covid	2024-05-04	56
SAO PAULO	2024	covid	2024-05-11	43
SAO PAULO	2024	covid	2024-05-18	38
SAO PAULO	2024	covid	2024-05-25	49
SAO PAULO	2024	covid	2024-06-01	49
SAO PAULO	2024	covid	2024-06-08	56
SAO PAULO	2024	covid	2024-06-15	59
SAO PAULO	2024	covid	2024-06-22	82
SAO PAULO	2024	covid	2024-06-29	73
SAO PAULO	2024	covid	2024-07-06	79
SAO PAULO	2024	covid	2024-07-13	80
SAO PAULO	2024	covid	2024-07-20	118
SAO PAULO	2024	covid	2024-07-27	128
SAO PAULO	2024	covid	2024-08-03	137
SAO PAULO	2024	covid	2024-08-10	199
SAO PAULO	2024	covid	2024-08-17	342
SAO PAULO	2024	covid	2024-08-24	453
SAO PAULO	2024	covid	2024-08-31	435
SAO PAULO	2024	covid	2024-09-07	406
SAO PAULO	2024	covid	2024-09-14	326
SAO PAULO	2024	covid	2024-09-21	223
SAO PAULO	2024	covid	2024-09-28	186
SAO PAULO	2024	covid	2024-10-05	140
SAO PAULO	2024	covid	2024-10-12	136
SAO PAULO	2024	covid	2024-10-19	94
SAO PAULO	2024	covid	2024-10-26	71
SAO PAULO	2024	covid	2024-11-02	93
SAO PAULO	2024	covid	2024-11-09	70
SAO PAULO	2024	covid	2024-11-16	114
SAO PAULO	2024	covid	2024-11-23	105
SAO PAULO	2024	covid	2024-11-30	118
SAO PAULO	2024	covid	2024-12-07	124
SAO PAULO	2024	covid	2024-12-14	124
SAO PAULO	2024	covid	2024-12-21	155
SAO PAULO	2024	covid	2024-12-28	201
SAO PAULO	2024	covid	2025-01-04	64
SAO PAULO	2024	flua	2024-01-06	13
SAO PAULO	2024	flua	2024-01-13	14
SAO PAULO	2024	flua	2024-01-20	15
SAO PAULO	2024	flua	2024-01-27	19
SAO PAULO	2024	flua	2024-02-03	40
SAO PAULO	2024	flua	2024-02-10	45
SAO PAULO	2024	flua	2024-02-17	59
SAO PAULO	2024	flua	2024-02-24	93
SAO PAULO	2024	flua	2024-03-02	91
SAO PAULO	2024	flua	2024-03-09	103
SAO PAULO	2024	flua	2024-03-16	125
SAO PAULO	2024	flua	2024-03-23	141
SAO PAULO	2024	flua	2024-03-30	163
SAO PAULO	2024	flua	2024-04-06	243
SAO PAULO	2024	flua	2024-04-13	315
SAO PAULO	2024	flua	2024-04-20	331
SAO PAULO	2024	flua	2024-04-27	310
SAO PAULO	2024	flua	2024-05-04	285
SAO PAULO	2024	flua	2024-05-11	247
SAO PAULO	2024	flua	2024-05-18	250
SAO PAULO	2024	flua	2024-05-25	208
SAO PAULO	2024	flua	2024-06-01	218
SAO PAULO	2024	flua	2024-06-08	267
SAO PAULO	2024	flua	2024-06-15	265
SAO PAULO	2024	flua	2024-06-22	285
SAO PAULO	2024	flua	2024-06-29	244
SAO PAULO	2024	flua	2024-07-06	254
SAO PAULO	2024	flua	2024-07-13	175
SAO PAULO	2024	flua	2024-07-20	145
SAO PAULO	2024	flua	2024-07-27	113
SAO PAULO	2024	flua	2024-08-03	98
SAO PAULO	2024	flua	2024-08-10	58
SAO PAULO	2024	flua	2024-08-17	96
SAO PAULO	2024	flua	2024-08-24	111
SAO PAULO	2024	flua	2024-08-31	97
SAO PAULO	2024	flua	2024-09-07	91
SAO PAULO	2024	flua	2024-09-14	93
SAO PAULO	2024	flua	2024-09-21	98
SAO PAULO	2024	flua	2024-09-28	81
SAO PAULO	2024	flua	2024-10-05	78
SAO PAULO	2024	flua	2024-10-12	66
SAO PAULO	2024	flua	2024-10-19	55
SAO PAULO	2024	flua	2024-10-26	59
SAO PAULO	2024	flua	2024-11-02	44
SAO PAULO	2024	flua	2024-11-09	48
SAO PAULO	2024	flua	2024-11-16	45
SAO PAULO	2024	flua	2024-11-23	52
SAO PAULO	2024	flua	2024-11-30	46
SAO PAULO	2024	flua	2024-12-07	52
SAO PAULO	2024	flua	2024-12-14	51
SAO PAULO	2024	flua	2024-12-21	50
SAO PAULO	2024	flua	2024-12-28	38
SAO PAULO	2024	flua	2025-01-04	17
SAO PAULO	2024	flub	2024-01-06	3
SAO PAULO	2024	flub	2024-01-13	3
SAO PAULO	2024	flub	2024-01-20	2
SAO PAULO	2024	flub	2024-01-27	5
SAO PAULO	2024	flub	2024-02-03	1
SAO PAULO	2024	flub	2024-02-10	2
SAO PAULO	2024	flub	2024-02-17	2
SAO PAULO	2024	flub	2024-02-24	3
SAO PAULO	2024	flub	2024-03-02	2
SAO PAULO	2024	flub	2024-03-09	7
SAO PAULO	2024	flub	2024-03-16	6
SAO PAULO	2024	flub	2024-03-23	4
SAO PAULO	2024	flub	2024-03-30	6
SAO PAULO	2024	flub	2024-04-06	9
SAO PAULO	2024	flub	2024-04-13	10
SAO PAULO	2024	flub	2024-04-20	6
SAO PAULO	2024	flub	2024-04-27	10
SAO PAULO	2024	flub	2024-05-04	4
SAO PAULO	2024	flub	2024-05-11	7
SAO PAULO	2024	flub	2024-05-18	6
SAO PAULO	2024	flub	2024-05-25	6
SAO PAULO	2024	flub	2024-06-01	16
SAO PAULO	2024	flub	2024-06-08	9
SAO PAULO	2024	flub	2024-06-15	10
SAO PAULO	2024	flub	2024-06-22	13
SAO PAULO	2024	flub	2024-06-29	15
SAO PAULO	2024	flub	2024-07-06	20
SAO PAULO	2024	flub	2024-07-13	11
SAO PAULO	2024	flub	2024-07-20	12
SAO PAULO	2024	flub	2024-07-27	29
SAO PAULO	2024	flub	2024-08-03	22
SAO PAULO	2024	flub	2024-08-10	21
SAO PAULO	2024	flub	2024-08-17	47
SAO PAULO	2024	flub	2024-08-24	60
SAO PAULO	2024	flub	2024-08-31	63
SAO PAULO	2024	flub	2024-09-07	83
SAO PAULO	2024	flub	2024-09-14	121
SAO PAULO	2024	flub	2024-09-21	100
SAO PAULO	2024	flub	2024-09-28	128
SAO PAULO	2024	flub	2024-10-05	115
SAO PAULO	2024	flub	2024-10-12	126
SAO PAULO	2024	flub	2024-10-19	98
SAO PAULO	2024	flub	2024-10-26	84
SAO PAULO	2024	flub	2024-11-02	85
SAO PAULO	2024	flub	2024-11-09	60
SAO PAULO	2024	flub	2024-11-16	59
SAO PAULO	2024	flub	2024-11-23	49
SAO PAULO	2024	flub	2024-11-30	36
SAO PAULO	2024	flub	2024-12-07	38
SAO PAULO	2024	flub	2024-12-14	29
SAO PAULO	2024	flub	2024-12-21	17
SAO PAULO	2024	flub	2024-12-28	23
SAO PAULO	2024	flub	2025-01-04	7
SAO PAULO	2024	vsr	2024-01-06	42
SAO PAULO	2024	vsr	2024-01-13	19
SAO PAULO	2024	vsr	2024-01-20	31
SAO PAULO	2024	vsr	2024-01-27	36
SAO PAULO	2024	vsr	2024-02-03	46
SAO PAULO	2024	vsr	2024-02-10	45
SAO PAULO	2024	vsr	2024-02-17	78
SAO PAULO	2024	vsr	2024-02-24	110
SAO PAULO	2024	vsr	2024-03-02	182
SAO PAULO	2024	vsr	2024-03-09	240
SAO PAULO	2024	vsr	2024-03-16	327
SAO PAULO	2024	vsr	2024-03-23	362
SAO PAULO	2024	vsr	2024-03-30	449
SAO PAULO	2024	vsr	2024-04-06	544
SAO PAULO	2024	vsr	2024-04-13	533
SAO PAULO	2024	vsr	2024-04-20	577
SAO PAULO	2024	vsr	2024-04-27	489
SAO PAULO	2024	vsr	2024-05-04	465
SAO PAULO	2024	vsr	2024-05-11	376
SAO PAULO	2024	vsr	2024-05-18	330
SAO PAULO	2024	vsr	2024-05-25	292
SAO PAULO	2024	vsr	2024-06-01	220
SAO PAULO	2024	vsr	2024-06-08	247
SAO PAULO	2024	vsr	2024-06-15	220
SAO PAULO	2024	vsr	2024-06-22	210
SAO PAULO	2024	vsr	2024-06-29	154
SAO PAULO	2024	vsr	2024-07-06	124
SAO PAULO	2024	vsr	2024-07-13	116
SAO PAULO	2024	vsr	2024-07-20	105
SAO PAULO	2024	vsr	2024-07-27	99
SAO PAULO	2024	vsr	2024-08-03	68
SAO PAULO	2024	vsr	2024-08-10	52
SAO PAULO	2024	vsr	2024-08-17	54
SAO PAULO	2024	vsr	2024-08-24	43
SAO PAULO	2024	vsr	2024-08-31	42
SAO PAULO	2024	vsr	2024-09-07	38
SAO PAULO	2024	vsr	2024-09-14	34
SAO PAULO	2024	vsr	2024-09-21	25
SAO PAULO	2024	vsr	2024-09-28	32
SAO PAULO	2024	vsr	2024-10-05	30
SAO PAULO	2024	vsr	2024-10-12	26
SAO PAULO	2024	vsr	2024-10-19	26
SAO PAULO	2024	vsr	2024-10-26	30
SAO PAULO	2024	vsr	2024-11-02	37
SAO PAULO	2024	vsr	2024-11-09	42
SAO PAULO	2024	vsr	2024-11-16	37
SAO PAULO	2024	vsr	2024-11-23	45
SAO PAULO	2024	vsr	2024-11-30	64
SAO PAULO	2024	vsr	2024-12-07	64
SAO PAULO	2024	vsr	2024-12-14	76
SAO PAULO	2024	vsr	2024-12-21	74
SAO PAULO	2024	vsr	2024-12-28	61
SAO PAULO	2024	vsr	2025-01-04	21
