Date	Local	Day	4:00	5:00	6:00	7:00	8:00	9:00	10:00	11:00	12:00	13:00	14:00	15:00	16:00	17:00	18:00	19:00	20:00	21:00	22:00	23:00	0:00	1:00	2:00	3:00
05/07/2023	UPA Paulista - Unidade de Pronto Atendimento	Quarta-feira	-	-	-	-	-	-	-	-	-	-	-	-	-	-	-	62	84	61	47	41	30	20	11	9
06/07/2023	UPA Paulista - Unidade de Pronto Atendimento	Quinta-feira	15	24	26	40	55	55	58	62	71	57	79	74	67	74	75	68	54	48	47	37	35	19	16	26
07/07/2023	UPA Paulista - Unidade de Pronto Atendimento	Sexta-feira	20	26	20	23	32	45	68	61	62	58	62	60	66	67	53	51	61	53	50	49	38	27	29	22
08/07/2023	UPA Paulista - Unidade de Pronto Atendimento	Sábado	17	20	22	46	72	65	61	62	61	52	56	64	66	82	74	88	81	71	41	43	38	23	27	32
09/07/2023	UPA Paulista - Unidade de Pronto Atendimento	Domingo	23	20	29	32	37	37	44	63	66	60	53	56	67	59	44	60	68	56	36	29	34	16	13	19
10/07/2023	UPA Paulista - Unidade de Pronto Atendimento	Segunda-feira	14	24	31	51	71	77	83	83	79	56	77	74	74	79	80	77	77	62	68	53	34	19	13	28
11/07/2023	UPA Paulista - Unidade de Pronto Atendimento	Terça-feira	25	35	41	45	70	70	89	89	87	75	61	60	70	70	82	75	61	65	61	50	32	18	20	21
12/07/2023	UPA Paulista - Unidade de Pronto Atendimento	Quarta-feira	26	18	44	61	72	86	88	83	90	78	67	84	87	86	84	80	82	63	64	53	62	35	22	16
13/07/2023	UPA Paulista - Unidade de Pronto Atendimento	Quinta-feira	6	36	33	40	64	65	72	80	79	82	74	75	60	61	61	64	73	68	69	52	39	29	25	24
14/07/2023	UPA Paulista - Unidade de Pronto Atendimento	Sexta-feira	21	22	30	54	72	60	38	70	68	69	55	62	65	75	81	53	48	32	42	33	22	34	11	18
15/07/2023	UPA Paulista - Unidade de Pronto Atendimento	Sábado	11	12	12	19	42	60	58	59	63	59	38	50	46	55	52	60	69	80	67	63	43	39	33	36
16/07/2023	UPA Paulista - Unidade de Pronto Atendimento	Domingo	26	15	8	27	43	53	45	38	35	45	50	56	49	53	58	63	67	63	46	19	11	15	12	21
17/07/2023	UPA Paulista - Unidade de Pronto Atendimento	Segunda-feira	24	22	15	27	52	60	71	73	87	69	64	64	67	53	45	46	63	70	64	47	38	25	21	11
18/07/2023	UPA Paulista - Unidade de Pronto Atendimento	Terça-feira	9	12	17	34	65	76	53	49	46	63	49	64	72	56	55	67	66	66	51	47	33	21	15	14
19/07/2023	UPA Paulista - Unidade de Pronto Atendimento	Quarta-feira	13	14	17	34	58	60	61	40	53	54	58	61	58	62	61	62	59	54	49	40	34	32	22	11
20/07/2023	UPA Paulista - Unidade de Pronto Atendimento	Quinta-feira	18	9	21	33	71	64	62	68	68	63	68	66	74	66	71	71	67	63	62	38	37	24	8	12
21/07/2023	UPA Paulista - Unidade de Pronto Atendimento	Sexta-feira	6	6	19	26	49	59	62	57	50	80	61	64	61	55	61	57	90	88	60	50	34	24	23	20
22/07/2023	UPA Paulista - Unidade de Pronto Atendimento	Sábado	18	14	15	31	36	54	49	44	51	49	42	54	63	54	46	52	63	50	39	40	33	27	20	22
23/07/2023	UPA Paulista - Unidade de Pronto Atendimento	Domingo	14	20	14	20	44	53	49	40	44	47	58	52	55	40	44	61	80	66	72	49	38	40	29	24
24/07/2023	UPA Paulista - Unidade de Pronto Atendimento	Segunda-feira	22	16	27	38	59	63	56	70	78	74	65	60	63	74	78	71	66	67	46	43	29	22	8	15
25/07/2023	UPA Paulista - Unidade de Pronto Atendimento	Terça-feira	17	11	18	22	39	64	73	77	78	64	65	58	62	62	62	69	89	81	72	58	49	35	15	11
26/07/2023	UPA Paulista - Unidade de Pronto Atendimento	Quarta-feira	18	16	19	41	66	58	59	54	54	45	47	58	64	57	57	71	76	80	59	30	19	21	16	17
27/07/2023	UPA Paulista - Unidade de Pronto Atendimento	Quinta-feira	12	12	15	36	57	65	68	71	86	87	80	67	74	78	68	65	57	66	54	49	41	26	27	23
28/07/2023	UPA Paulista - Unidade de Pronto Atendimento	Sexta-feira	14	19	20	34	58	74	63	59	52	61	63	66	65	62	59	67	66	58	22	22	10	23	21	20
29/07/2023	UPA Paulista - Unidade de Pronto Atendimento	Sábado	15	17	19	24	41	51	47	40	54	61	56	45	53	37	45	59	60	76	57	45	40	47	50	43
30/07/2023	UPA Paulista - Unidade de Pronto Atendimento	Domingo	33	26	24	27	51	44	46	52	53	59	44	43	54	63	60	59	66	56	45	32	25	23	18	15
31/07/2023	UPA Paulista - Unidade de Pronto Atendimento	Segunda-feira	9	8	12	35	57	67	70	63	59	77	78	66	79	83	59	73	81	90	83	65	40	39	32	27
01/08/2023	UPA Paulista - Unidade de Pronto Atendimento	Terça-feira	21	21	28	46	70	87	72	52	57	61	65	57	56	79	76	78	84	82	66	41	28	16	13	8
02/08/2023	UPA Paulista - Unidade de Pronto Atendimento	Quarta-feira	11	7	7	26	67	68	72	65	68	65	67	66	74	79	78	71	78	86	72	39	36	22	25	26
03/08/2023	UPA Paulista - Unidade de Pronto Atendimento	Quinta-feira	20	16	25	40	73	90	91	73	69	74	60	64	63	76	77	83	87	71	54	46	32	34	27	22
04/08/2023	UPA Paulista - Unidade de Pronto Atendimento	Sexta-feira	16	9	14	31	79	94	94	74	75	64	76	93	86	85	75	82	96	84	72	76	51	38	29	22
05/08/2023	UPA Paulista - Unidade de Pronto Atendimento	Sábado	19	17	31	43	54	67	58	48	66	67	76	66	75	79	83	75	83	81	74	79	46	36	31	20
06/08/2023	UPA Paulista - Unidade de Pronto Atendimento	Domingo	21	23	9	10	29	42	52	48	54	62	56	52	60	56	67	71	80	76	66	47	46	25	18	19
07/08/2023	UPA Paulista - Unidade de Pronto Atendimento	Segunda-feira	32	26	44	65	96	96	87	68	89	100	100	93	97	81	77	89	90	91	87	60	39	18	19	16
08/08/2023	UPA Paulista - Unidade de Pronto Atendimento	Terça-feira	24	14	28	45	76	84	91	100	100	100	96	89	81	89	76	89	96	88	73	58	41	36	20	12
09/08/2023	UPA Paulista - Unidade de Pronto Atendimento	Quarta-feira	13	16	26	42	84	75	90	71	79	97	100	96	85	72	74	72	70	72	69	49	37	11	13	9
10/08/2023	UPA Paulista - Unidade de Pronto Atendimento	Quinta-feira	16	15	14	35	75	91	86	79	78	93	92	92	100	87	77	82	85	100	92	60	45	31	20	14
11/08/2023	UPA Paulista - Unidade de Pronto Atendimento	Sexta-feira	27	18	23	47	79	87	81	84	90	90	88	95	86	76	69	82	72	61	50	36	36	24	19	18
12/08/2023	UPA Paulista - Unidade de Pronto Atendimento	Sábado	12	11	11	16	40	52	49	60	62	69	80	68	72	76	63	9	6	7	11	14	0	0	0	0
13/08/2023	UPA Paulista - Unidade de Pronto Atendimento	Domingo	0	1	4	9	9	5	NA	NA	NA	3	0	0	15	17	17	1	11	4	2	0	0	0	0	2
14/08/2023	UPA Paulista - Unidade de Pronto Atendimento	Segunda-feira	0	3	11	22	12	9	13	19	22	11	9	7	7	11	16	15	6	4	4	0	NA	0	0	0
15/08/2023	UPA Paulista - Unidade de Pronto Atendimento	Terça-feira	0	3	NA	NA	NA	NA	NA	14	8	20	18	1	13	18	20	29	29	12	8	4	0	0	0	6
16/08/2023	UPA Paulista - Unidade de Pronto Atendimento	Quarta-feira	3	6	7	NA	7	5	3	NA	NA	NA	NA	NA	NA	NA	NA	NA	NA	14	14	0	0	0	0	0
17/08/2023	UPA Paulista - Unidade de Pronto Atendimento	Quinta-feira	0	4	10	25	25	5	16	8	27	21	10	12	8	12	12	10	9	34	55	79	57	56	43	34
18/08/2023	UPA Paulista - Unidade de Pronto Atendimento	Sexta-feira	27	23	28	29	76	83	90	82	95	97	100	100	100	82	100	89	85	96	75	78	58	53	39	23
19/08/2023	UPA Paulista - Unidade de Pronto Atendimento	Sábado	41	20	18	24	58	69	65	76	88	67	65	67	67	79	93	83	94	77	66	41	41	29	27	24
20/08/2023	UPA Paulista - Unidade de Pronto Atendimento	Domingo	20	23	16	29	43	49	47	42	56	73	71	70	69	63	54	71	85	80	88	72	61	36	20	11
21/08/2023	UPA Paulista - Unidade de Pronto Atendimento	Segunda-feira	22	18	18	39	80	78	92	100	100	93	100	100	100	94	100	100	100	91	78	50	53	55	28	25
22/08/2023	UPA Paulista - Unidade de Pronto Atendimento	Terça-feira	22	14	22	40	90	86	98	100	90	79	80	87	1	100	100	100	100	99	70	51	58	43	29	12
23/08/2023	UPA Paulista - Unidade de Pronto Atendimento	Quarta-feira	17	21	31	57	89	99	90	86	91	100	100	100	100	85	99	100	100	94	61	52	56	36	23	20
24/08/2023	UPA Paulista - Unidade de Pronto Atendimento	Quinta-feira	15	19	32	50	86	94	88	71	82	100	100	95	60	73	86	93	90	90	63	58	50	38	28	28
25/08/2023	UPA Paulista - Unidade de Pronto Atendimento	Sexta-feira	20	11	30	39	77	84	91	63	63	54	84	100	100	100	73	78	79	72	55	54	33	29	15	22
26/08/2023	UPA Paulista - Unidade de Pronto Atendimento	Sábado	22	20	23	29	41	46	55	65	69	96	100	97	78	55	67	68	66	65	63	40	29	21	18	34
27/08/2023	UPA Paulista - Unidade de Pronto Atendimento	Domingo	20	18	16	25	36	37	38	68	58	60	60	43	44	51	56	66	59	40	36	22	23	21	13	7
28/08/2023	UPA Paulista - Unidade de Pronto Atendimento	Segunda-feira	1	20	29	32	72	86	80	71	79	98	94	93	90	97	100	100	85	78	52	40	26	20	12	24
29/08/2023	UPA Paulista - Unidade de Pronto Atendimento	Terça-feira	11	14	18	34	72	74	86	98	94	85	98	100	100	97	95	100	88	100	81	52	36	23	22	14
30/08/2023	UPA Paulista - Unidade de Pronto Atendimento	Quarta-feira	18	15	20	37	75	87	86	85	100	88	100	100	100	96	87	100	97	77	56	51	61	38	33	7
31/08/2023	UPA Paulista - Unidade de Pronto Atendimento	Quinta-feira	13	9	17	33	98	92	91	97	100	100	100	100	100	100	89	100	100	96	71	56	25	29	28	17
01/09/2023	UPA Paulista - Unidade de Pronto Atendimento	Sexta-feira	11	12	15	43	100	100	100	92	71	81	92	100	100	100	92	100	100	83	63	56	61	50	33	17
02/09/2023	UPA Paulista - Unidade de Pronto Atendimento	Sábado	21	27	25	39	62	77	71	88	79	79	77	90	88	81	74	71	87	89	68	65	0	40	39	31
03/09/2023	UPA Paulista - Unidade de Pronto Atendimento	Domingo	27	25	21	29	55	67	61	67	70	67	72	62	62	50	75	93	100	90	67	54	44	33	27	21
04/09/2023	UPA Paulista - Unidade de Pronto Atendimento	Segunda-feira	15	19	22	49	100	100	100	100	94	89	100	100	100	89	84	93	100	100	86	59	40	35	25	7
05/09/2023	UPA Paulista - Unidade de Pronto Atendimento	Terça-feira	11	3	23	39	91	100	100	99	78	78	77	85	90	92	99	91	85	79	68	56	37	21	12	9
06/09/2023	UPA Paulista - Unidade de Pronto Atendimento	Quarta-feira	15	16	26	44	100	97	84	77	70	76	94	100	93	85	92	100	100	100	60	48	45	37	29	26
07/09/2023	UPA Paulista - Unidade de Pronto Atendimento	Quinta-feira	17	15	18	28	28	55	46	50	52	81	85	79	65	66	76	64	71	64	54	44	41	33	18	10
08/09/2023	UPA Paulista - Unidade de Pronto Atendimento	Sexta-feira	18	24	21	35	73	73	76	76	73	66	70	76	100	100	100	100	100	92	60	49	41	37	14	19
09/09/2023	UPA Paulista - Unidade de Pronto Atendimento	Sábado	20	22	17	23	49	47	61	59	62	52	55	65	83	74	69	64	67	61	61	32	43	24	23	18
10/09/2023	UPA Paulista - Unidade de Pronto Atendimento	Domingo	16	17	30	24	42	52	41	38	60	85	55	67	56	49	41	52	0	69	72	43	22	20	31	42
11/09/2023	UPA Paulista - Unidade de Pronto Atendimento	Segunda-feira	34	17	21	51	100	97	100	82	100	81	82	100	100	100	0	0	100	100	80	52	53	44	39	26
12/09/2023	UPA Paulista - Unidade de Pronto Atendimento	Terça-feira	25	18	24	48	100	100	98	97	100	96	96	89	87	76	80	100	73	84	81	69	54	31	18	24
13/09/2023	UPA Paulista - Unidade de Pronto Atendimento	Quarta-feira	5	10	21	53	98	100	100	100	100	93	100	96	99	77	82	95	100	97	77	56	47	25	20	13
14/09/2023	UPA Paulista - Unidade de Pronto Atendimento	Quinta-feira	17	26	13	55	100	100	100	83	80	100	100	100	100	91	78	84	89	90	63	58	46	51	50	48
15/09/2023	UPA Paulista - Unidade de Pronto Atendimento	Sexta-feira	32	18	20	50	96	100	100	100	100	100	88	74	81	100	100	100	100	100	67	45	55	47	39	28
16/09/2023	UPA Paulista - Unidade de Pronto Atendimento	Sábado	22	3	18	41	62	60	77	88	95	85	78	83	89	90	63	81	74	82	69	12	7	2	4	0
17/09/2023	UPA Paulista - Unidade de Pronto Atendimento	Domingo	2	4	2	4	18	19	5	4	7	1	2	0	NA	12	8	73	93	10	23	0	0	4	0	0
18/09/2023	UPA Paulista - Unidade de Pronto Atendimento	Segunda-feira	4	7	7	23	13	10	3	NA	NA	NA	NA	24	64	84	95	100	100	100	100	86	68	65	48	45
19/09/2023	UPA Paulista - Unidade de Pronto Atendimento	Terça-feira	36	35	31	50	98	100	100	100	100	100	100	97	100	100	100	100	97	81	70	66	43	29	23	21
20/09/2023	UPA Paulista - Unidade de Pronto Atendimento	Quarta-feira	21	20	30	53	100	100	4	NA	100	99	100	94	80	96	92	65	100	96	75	74	62	40	44	27
21/09/2023	UPA Paulista - Unidade de Pronto Atendimento	Quinta-feira	21	11	20	53	100	5	100	100	100	83	86	85	94	97	97	100	100	100	95	89	88	41	34	21
22/09/2023	UPA Paulista - Unidade de Pronto Atendimento	Sexta-feira	13	18	28	47	7	98	95	100	75	72	80	100	99	94	99	100	100	79	60	58	55	41	31	34
23/09/2023	UPA Paulista - Unidade de Pronto Atendimento	Sábado	12	12	16	32	58	70	76	68	78	71	62	67	67	68	67	88	83	100	80	73	44	35	30	26
24/09/2023	UPA Paulista - Unidade de Pronto Atendimento	Domingo	28	21	14	20	32	49	46	54	56	46	43	46	49	57	58	95	95	89	69	52	51	42	27	20
25/09/2023	UPA Paulista - Unidade de Pronto Atendimento	Segunda-feira	23	19	25	47	100	95	95	100	85	81	100	100	100	92	96	97	100	97	75	69	53	16	23	15
26/09/2023	UPA Paulista - Unidade de Pronto Atendimento	Terça-feira	12	15	19	48	91	100	92	88	84	75	100	84	82	95	87	100	100	92	63	62	60	53	46	24
27/09/2023	UPA Paulista - Unidade de Pronto Atendimento	Quarta-feira	5	21	17	36	91	100	100	77	96	81	90	55	59	54	66	81	67	67	55	59	39	20	12	16
28/09/2023	UPA Paulista - Unidade de Pronto Atendimento	Quinta-feira	15	16	21	7	72	81	83	82	94	89	75	54	55	69	79	78	72	76	70	53	37	15	21	12
29/09/2023	UPA Paulista - Unidade de Pronto Atendimento	Sexta-feira	18	14	18	22	64	66	64	62	84	89	77	80	71	86	74	68	79	71	62	35	26	25	12	13
30/09/2023	UPA Paulista - Unidade de Pronto Atendimento	Sábado	7	9	14	26	44	43	44	53	53	59	57	63	56	49	49	63	68	69	47	41	29	31	19	20
01/10/2023	UPA Paulista - Unidade de Pronto Atendimento	Domingo	10	13	10	24	33	45	41	45	46	47	46	47	49	61	59	71	67	57	40	24	27	13	14	16
02/10/2023	UPA Paulista - Unidade de Pronto Atendimento	Segunda-feira	15	10	25	57	77	78	84	80	70	70	76	61	62	57	54	64	83	59	44	36	35	23	24	22
03/10/2023	UPA Paulista - Unidade de Pronto Atendimento	Terça-feira	23	21	25	31	43	54	56	52	52	58	60	63	56	57	51	69	70	64	51	39	31	22	18	19
04/10/2023	UPA Paulista - Unidade de Pronto Atendimento	Quarta-feira	12	18	22	35	53	66	72	65	61	66	68	71	58	57	66	66	69	64	55	49	40	30	23	16
05/10/2023	UPA Paulista - Unidade de Pronto Atendimento	Quinta-feira	23	16	22	32	58	56	64	61	65	65	69	52	57	55	50	47	57	51	52	48	25	14	10	11
06/10/2023	UPA Paulista - Unidade de Pronto Atendimento	Sexta-feira	10	10	22	30	51	57	57	57	51	50	49	57	58	66	55	72	61	62	52	44	33	25	30	24
07/10/2023	UPA Paulista - Unidade de Pronto Atendimento	Sábado	23	17	23	26	40	42	51	56	63	58	56	67	54	57	41	21	27	39	28	29	20	25	21	10
08/10/2023	UPA Paulista - Unidade de Pronto Atendimento	Domingo	17	12	14	23	32	33	32	30	33	29	34	41	39	30	43	48	55	54	35	38	23	22	10	18
09/10/2023	UPA Paulista - Unidade de Pronto Atendimento	Segunda-feira	17	13	16	30	51	48	61	58	75	71	69	67	62	17	62	49	57	42	40	31	24	20	15	17
10/10/2023	UPA Paulista - Unidade de Pronto Atendimento	Terça-feira	15	15	21	36	60	61	52	56	58	54	55	58	54	57	52	56	64	62	46	21	21	13	21	17
11/10/2023	UPA Paulista - Unidade de Pronto Atendimento	Quarta-feira	18	13	7	28	44	64	54	63	53	64	54	62	66	55	64	62	64	69	64	50	35	31	23	20
12/10/2023	UPA Paulista - Unidade de Pronto Atendimento	Quinta-feira	16	16	16	23	38	44	42	40	51	52	43	34	26	31	38	48	48	48	31	30	6	18	22	27
13/10/2023	UPA Paulista - Unidade de Pronto Atendimento	Sexta-feira	19	14	20	24	44	48	43	34	45	55	43	48	35	41	41	48	53	42	27	25	17	17	9	10
14/10/2023	UPA Paulista - Unidade de Pronto Atendimento	Sábado	14	12	16	14	32	32	37	39	34	40	39	40	54	53	48	49	48	43	42	40	32	19	13	12
15/10/2023	UPA Paulista - Unidade de Pronto Atendimento	Domingo	9	12	10	13	23	32	36	25	33	33	35	36	43	35	47	49	57	46	35	36	26	18	14	20
16/10/2023	UPA Paulista - Unidade de Pronto Atendimento	Segunda-feira	16	14	15	31	63	63	62	60	71	64	74	63	69	64	60	76	70	70	52	44	41	35	24	13
17/10/2023	UPA Paulista - Unidade de Pronto Atendimento	Terça-feira	11	12	21	29	65	68	71	58	79	80	72	58	63	54	58	64	68	60	37	24	20	21	19	13
18/10/2023	UPA Paulista - Unidade de Pronto Atendimento	Quarta-feira	9	13	14	23	57	68	62	59	63	52	64	54	62	65	57	58	68	61	52	39	29	33	32	26
19/10/2023	UPA Paulista - Unidade de Pronto Atendimento	Quinta-feira	16	17	14	36	56	75	71	72	66	79	87	95	75	63	58	72	70	57	47	39	32	25	17	15
20/10/2023	UPA Paulista - Unidade de Pronto Atendimento	Sexta-feira	11	12	13	29	58	64	64	58	59	56	68	65	79	50	63	64	74	59	57	37	35	32	27	21
21/10/2023	UPA Paulista - Unidade de Pronto Atendimento	Sábado	16	10	15	22	33	56	53	49	43	50	59	67	58	57	50	51	62	70	63	46	31	26	25	20
22/10/2023	UPA Paulista - Unidade de Pronto Atendimento	Domingo	10	9	12	22	36	34	32	36	37	48	45	47	35	30	48	56	62	55	49	42	29	20	19	18
23/10/2023	UPA Paulista - Unidade de Pronto Atendimento	Segunda-feira	10	15	14	26	60	79	80	2	68	61	57	0	57	78	65	49	65	77	55	57	30	30	25	20
24/10/2023	UPA Paulista - Unidade de Pronto Atendimento	Terça-feira	21	4	24	33	74	88	89	69	63	69	66	71	76	66	71	77	87	76	54	40	32	26	24	18
25/10/2023	UPA Paulista - Unidade de Pronto Atendimento	Quarta-feira	20	14	18	40	76	94	8	86	85	89	83	83	83	81	72	75	86	77	49	29	18	20	16	17
26/10/2023	UPA Paulista - Unidade de Pronto Atendimento	Quinta-feira	14	14	25	42	74	87	85	72	73	62	77	71	72	63	0	68	70	57	44	37	31	29	30	18
27/10/2023	UPA Paulista - Unidade de Pronto Atendimento	Sexta-feira	15	6	18	31	68	77	79	75	74	79	78	82	78	79	54	60	63	64	56	49	35	24	17	14
28/10/2023	UPA Paulista - Unidade de Pronto Atendimento	Sábado	13	12	16	19	40	42	41	33	39	55	43	52	52	48	43	42	46	40	37	31	19	25	30	19
29/10/2023	UPA Paulista - Unidade de Pronto Atendimento	Domingo	14	9	14	25	32	39	50	50	54	49	44	44	51	43	48	54	43	40	41	26	16	13	22	17
30/10/2023	UPA Paulista - Unidade de Pronto Atendimento	Segunda-feira	14	18	19	36	70	71	80	80	78	83	81	80	94	78	77	69	89	93	68	59	43	39	37	45
31/10/2023	UPA Paulista - Unidade de Pronto Atendimento	Terça-feira	35	20	22	40	80	79	100	90	89	75	92	76	71	57	61	70	72	70	46	50	36	39	34	34
01/11/2023	UPA Paulista - Unidade de Pronto Atendimento	Quarta-feira	25	18	25	30	71	79	71	66	52	60	81	72	67	69	72	91	72	64	51	38	34	26	25	26
02/11/2023	UPA Paulista - Unidade de Pronto Atendimento	Quinta-feira	22	25	27	33	53	51	51	49	62	52	59	28	48	55	42	47	61	54	50	35	25	27	20	18
03/11/2023	UPA Paulista - Unidade de Pronto Atendimento	Sexta-feira	23	17	15	30	55	50	48	37	52	64	58	61	65	63	50	56	61	54	46	34	29	31	28	24
04/11/2023	UPA Paulista - Unidade de Pronto Atendimento	Sábado	22	16	13	24	37	41	48	47	58	60	59	56	50	50	51	51	59	53	53	53	44	31	22	20
05/11/2023	UPA Paulista - Unidade de Pronto Atendimento	Domingo	11	15	13	22	39	44	37	37	39	48	44	55	39	36	47	53	63	63	52	44	35	34	28	23
06/11/2023	UPA Paulista - Unidade de Pronto Atendimento	Segunda-feira	14	11	18	39	67	78	79	79	73	21	76	69	93	88	100	83	68	62	62	44	0	28	25	15
07/11/2023	UPA Paulista - Unidade de Pronto Atendimento	Terça-feira	9	8	19	32	67	57	68	76	82	83	100	92	87	28	90	92	78	99	60	0	45	38	26	26
08/11/2023	UPA Paulista - Unidade de Pronto Atendimento	Quarta-feira	19	17	12	31	66	8	65	35	68	74	80	94	75	68	68	68	62	72	59	48	38	32	27	14
09/11/2023	UPA Paulista - Unidade de Pronto Atendimento	Quinta-feira	17	25	20	39	7	73	83	82	83	1	68	54	65	63	79	85	80	65	60	43	29	20	23	22
10/11/2023	UPA Paulista - Unidade de Pronto Atendimento	Sexta-feira	7	17	19	38	68	6	72	73	75	58	84	76	61	60	54	61	67	72	62	53	48	29	22	15
11/11/2023	UPA Paulista - Unidade de Pronto Atendimento	Sábado	3	24	23	30	41	51	48	47	51	44	43	46	45	54	48	59	64	65	49	57	40	33	31	28
12/11/2023	UPA Paulista - Unidade de Pronto Atendimento	Domingo	13	20	15	10	39	4	42	45	15	54	45	45	44	41	29	41	49	52	50	48	32	43	32	33
13/11/2023	UPA Paulista - Unidade de Pronto Atendimento	Segunda-feira	10	18	12	35	74	81	67	73	22	70	69	14	81	62	63	85	84	89	77	28	45	38	34	17
14/11/2023	UPA Paulista - Unidade de Pronto Atendimento	Terça-feira	9	15	21	46	75	67	79	70	69	55	6	84	83	83	76	76	67	67	60	41	36	28	31	18
15/11/2023	UPA Paulista - Unidade de Pronto Atendimento	Quarta-feira	22	14	16	31	59	64	44	49	53	1	47	46	45	20	36	67	0	62	48	37	20	12	15	12
16/11/2023	UPA Paulista - Unidade de Pronto Atendimento	Quinta-feira	13	16	22	38	81	86	88	76	38	15	83	0	71	72	78	80	79	82	67	0	28	30	16	14
17/11/2023	UPA Paulista - Unidade de Pronto Atendimento	Sexta-feira	12	10	21	9	79	94	97	100	83	71	71	74	77	69	63	56	60	50	47	37	46	18	29	34
18/11/2023	UPA Paulista - Unidade de Pronto Atendimento	Sábado	25	24	16	26	45	53	31	12	13	0	55	51	52	41	41	55	64	66	57	52	39	41	30	19
19/11/2023	UPA Paulista - Unidade de Pronto Atendimento	Domingo	22	19	14	18	26	44	45	53	47	45	34	33	32	32	34	42	54	18	53	35	44	26	38	24
20/11/2023	UPA Paulista - Unidade de Pronto Atendimento	Segunda-feira	21	5	16	32	65	7	55	50	62	62	56	0	45	43	68	67	66	51	41	42	34	21	14	14
21/11/2023	UPA Paulista - Unidade de Pronto Atendimento	Terça-feira	9	17	18	41	64	76	86	1	71	65	63	79	91	0	0	0	71	72	67	59	46	16	31	29
22/11/2023	UPA Paulista - Unidade de Pronto Atendimento	Quarta-feira	31	23	20	45	76	93	89	90	75	57	45	55	1	17	16	13	8	2	7	1	0	0	0	0
23/11/2023	UPA Paulista - Unidade de Pronto Atendimento	Quinta-feira	2	5	7	8	7	NA	NA	13	78	29	13	77	29	25	0	0	0	14	3	0	0	0	1	0
24/11/2023	UPA Paulista - Unidade de Pronto Atendimento	Sexta-feira	4	4	10	18	7	11	10	7	10	10	16	16	15	7	2	3	0	7	7	0	0	0	0	0
25/11/2023	UPA Paulista - Unidade de Pronto Atendimento	Sábado	0	NA	NA	6	7	12	12	1	10	9	9	1	0	0	NA	9	6	7	4	4	0	NA	NA	3
26/11/2023	UPA Paulista - Unidade de Pronto Atendimento	Domingo	2	2	3	3	NA	NA	10	5	2	2	7	8	8	15	17	6	6	3	1	0	0	2	3	0
27/11/2023	UPA Paulista - Unidade de Pronto Atendimento	Segunda-feira	2	6	8	11	8	NA	11	5	5	1	NA	NA	NA	34	13	12	2	15	16	0	NA	3	0	0
28/11/2023	UPA Paulista - Unidade de Pronto Atendimento	Terça-feira	3	4	7	16	18	16	3	NA	9	9	22	15	13	0	4	5	9	9	0	0	0	3	0	5
29/11/2023	UPA Paulista - Unidade de Pronto Atendimento	Quarta-feira	6	3	7	14	14	6	NA	11	9	1	NA	NA	15	16	8	5	5	4	2	0	0	0	0	0
30/11/2023	UPA Paulista - Unidade de Pronto Atendimento	Quinta-feira	0	4	8	10	9	6	NA	5	3	3	1	0	8	9	10	0	NA	3	2	0	0	0	0	0
01/12/2023	UPA Paulista - Unidade de Pronto Atendimento	Sexta-feira	3	3	6	18	13	14	10	2	NA	NA	NA	NA	NA	5	4	0	NA	NA	NA	NA	NA	NA	0	0
02/12/2023	UPA Paulista - Unidade de Pronto Atendimento	Sábado	0	NA	NA	5	9	9	5	NA	NA	NA	4	4	0	6	4	5	0	0	0	NA	NA	0	0	0
03/12/2023	UPA Paulista - Unidade de Pronto Atendimento	Domingo	2	6	3	3	3	10	12	10	0	0	0	4	5	1	8	6	27	9	0	0	0	1	0	0
04/12/2023	UPA Paulista - Unidade de Pronto Atendimento	Segunda-feira	1	3	16	14	25	23	3	2	7	7	1	3	10	2	3	0	1	0	4	1	0	0	0	0
05/12/2023	UPA Paulista - Unidade de Pronto Atendimento	Terça-feira	2	6	11	17	14	12	11	8	3	5	11	12	0	NA	3	14	15	0	NA	0	0	7	2	4
06/12/2023	UPA Paulista - Unidade de Pronto Atendimento	Quarta-feira	1	4	8	18	18	9	6	0	NA	NA	1	1	0	NA	NA	62	72	97	57	37	25	14	5	16
07/12/2023	UPA Paulista - Unidade de Pronto Atendimento	Quinta-feira	11	12	12	32	60	64	88	3	75	75	61	70	70	72	0	79	100	72	79	59	44	38	35	15
08/12/2023	UPA Paulista - Unidade de Pronto Atendimento	Sexta-feira	5	11	16	21	8	27	60	18	52	47	1	56	49	50	55	70	72	60	54	45	34	47	49	33
09/12/2023	UPA Paulista - Unidade de Pronto Atendimento	Sábado	26	10	15	29	38	42	37	36	56	47	78	4	51	53	41	59	56	59	46	41	41	48	31	24
10/12/2023	UPA Paulista - Unidade de Pronto Atendimento	Domingo	18	5	15	23	43	37	44	40	41	29	32	44	45	35	44	75	76	64	39	30	25	20	16	12
11/12/2023	UPA Paulista - Unidade de Pronto Atendimento	Segunda-feira	8	10	15	27	78	71	64	68	73	77	61	63	63	61	72	74	86	75	62	51	32	19	10	17
12/12/2023	UPA Paulista - Unidade de Pronto Atendimento	Terça-feira	19	16	20	37	63	71	69	77	72	53	54	66	62	55	47	57	82	83	56	33	33	35	25	16
13/12/2023	UPA Paulista - Unidade de Pronto Atendimento	Quarta-feira	18	14	16	41	68	66	63	49	46	41	51	56	55	55	61	64	77	60	48	31	23	24	9	13
14/12/2023	UPA Paulista - Unidade de Pronto Atendimento	Quinta-feira	12	19	21	42	67	80	84	65	60	52	58	60	61	65	64	58	71	66	52	37	36	25	27	28
15/12/2023	UPA Paulista - Unidade de Pronto Atendimento	Sexta-feira	13	21	24	41	64	72	64	66	71	76	77	69	51	57	52	72	81	83	55	55	41	0	26	25
16/12/2023	UPA Paulista - Unidade de Pronto Atendimento	Sábado	25	16	25	34	40	42	43	43	42	47	57	54	60	41	59	70	62	60	1	42	31	0	24	27
17/12/2023	UPA Paulista - Unidade de Pronto Atendimento	Domingo	15	7	12	24	35	46	48	47	37	37	38	54	55	53	47	1	69	61	44	48	33	19	8	10
18/12/2023	UPA Paulista - Unidade de Pronto Atendimento	Segunda-feira	12	13	21	43	66	72	74	65	69	67	63	63	62	43	40	71	91	83	76	56	41	30	28	24
19/12/2023	UPA Paulista - Unidade de Pronto Atendimento	Terça-feira	21	24	22	42	55	89	92	85	75	67	68	63	67	52	57	68	70	66	55	46	38	35	34	25
20/12/2023	UPA Paulista - Unidade de Pronto Atendimento	Quarta-feira	6	16	20	35	71	78	75	77	62	59	59	62	48	48	73	79	88	77	66	59	52	42	36	21
21/12/2023	UPA Paulista - Unidade de Pronto Atendimento	Quinta-feira	13	5	32	48	73	80	77	82	76	72	58	73	74	56	57	67	71	53	57	42	40	31	24	20
22/12/2023	UPA Paulista - Unidade de Pronto Atendimento	Sexta-feira	19	16	17	26	55	64	64	71	NA	69	57	NA	NA	NA	NA	NA	NA	NA	NA	NA	NA	NA	NA	NA
23/12/2023	UPA Paulista - Unidade de Pronto Atendimento	Sábado	NA	NA	NA	NA	NA	NA	NA	NA	NA	NA	NA	NA	NA	NA	NA	NA	NA	NA	NA	NA	NA	NA	NA	NA
24/12/2023	UPA Paulista - Unidade de Pronto Atendimento	Domingo	NA	NA	NA	NA	NA	NA	NA	NA	NA	NA	NA	NA	NA	NA	NA	NA	NA	NA	NA	NA	NA	NA	NA	NA
25/12/2023	UPA Paulista - Unidade de Pronto Atendimento	Segunda-feira	NA	NA	NA	NA	NA	NA	NA	NA	NA	NA	NA	NA	NA	NA	NA	NA	NA	NA	NA	NA	NA	NA	NA	NA
26/12/2023	UPA Paulista - Unidade de Pronto Atendimento	Terça-feira	NA	NA	NA	NA	NA	NA	NA	NA	NA	NA	NA	NA	NA	NA	NA	NA	NA	NA	NA	NA	NA	NA	NA	NA
27/12/2023	UPA Paulista - Unidade de Pronto Atendimento	Quarta-feira	NA	NA	NA	NA	NA	NA	NA	NA	NA	NA	NA	NA	NA	NA	NA	NA	NA	NA	NA	NA	NA	NA	NA	NA
28/12/2023	UPA Paulista - Unidade de Pronto Atendimento	Quinta-feira	NA	NA	NA	NA	NA	NA	NA	NA	NA	NA	NA	NA	100	100	100	100	100	100	100	100	78	63	62	27
29/12/2023	UPA Paulista - Unidade de Pronto Atendimento	Sexta-feira	23	15	21	55	100	100	100	100	100	100	100	100	100	100	100	100	100	100	100	100	100	98	78	75
30/12/2023	UPA Paulista - Unidade de Pronto Atendimento	Sábado	58	42	38	62	100	100	100	94	100	100	100	100	100	100	100	100	100	100	100	81	89	78	54	44
31/12/2023	UPA Paulista - Unidade de Pronto Atendimento	Domingo	1	4	18	52	79	100	81	75	100	100	85	100	100	100	64	98	100	99	80	83	52	81	89	65
01/01/2024	UPA Paulista - Unidade de Pronto Atendimento	Segunda-feira	5	29	25	56	87	82	52	80	92	94	90	100	100	50	54	72	63	54	55	30	19	7	4	15
02/01/2024	UPA Paulista - Unidade de Pronto Atendimento	Terça-feira	10	9	12	20	69	62	66	65	82	87	77	76	68	70	58	71	78	80	69	49	34	37	21	29
03/01/2024	UPA Paulista - Unidade de Pronto Atendimento	Quarta-feira	18	10	14	41	59	69	71	60	68	78	94	78	1	55	57	68	59	65	52	42	37	25	23	6
04/01/2024	UPA Paulista - Unidade de Pronto Atendimento	Quinta-feira	9	14	22	48	78	81	96	88	93	85	97	96	86	82	76	70	80	100	64	36	31	19	19	13
05/01/2024	UPA Paulista - Unidade de Pronto Atendimento	Sexta-feira	11	11	18	38	70	80	89	77	77	78	63	79	77	63	63	78	76	74	57	35	34	39	32	19
06/01/2024	UPA Paulista - Unidade de Pronto Atendimento	Sábado	0	17	16	37	70	57	63	67	64	58	65	67	76	64	55	51	59	58	35	36	31	34	30	21
07/01/2024	UPA Paulista - Unidade de Pronto Atendimento	Domingo	9	15	15	10	47	40	42	42	41	31	44	44	61	44	58	57	79	63	42	49	36	27	24	12
08/01/2024	UPA Paulista - Unidade de Pronto Atendimento	Segunda-feira	16	22	30	52	77	87	79	75	72	78	70	85	72	68	71	72	67	56	51	45	39	25	25	18
09/01/2024	UPA Paulista - Unidade de Pronto Atendimento	Terça-feira	19	21	28	38	49	8	74	80	70	53	61	74	61	68	69	63	58	67	56	45	40	37	16	22
10/01/2024	UPA Paulista - Unidade de Pronto Atendimento	Quarta-feira	13	12	24	44	57	75	69	74	81	83	65	69	46	65	68	68	69	75	58	34	38	27	23	20
11/01/2024	UPA Paulista - Unidade de Pronto Atendimento	Quinta-feira	18	15	19	39	60	7	81	80	79	81	76	66	60	49	68	71	71	60	43	50	45	35	24	16
12/01/2024	UPA Paulista - Unidade de Pronto Atendimento	Sexta-feira	25	7	20	33	52	61	69	72	66	61	62	62	58	54	55	60	61	56	45	38	30	22	23	27
13/01/2024	UPA Paulista - Unidade de Pronto Atendimento	Sábado	23	15	15	25	41	58	47	36	41	54	53	51	37	55	55	53	62	42	36	20	23	24	15	19
14/01/2024	UPA Paulista - Unidade de Pronto Atendimento	Domingo	13	11	16	23	37	49	54	58	43	48	47	57	61	51	46	56	80	65	53	45	28	22	18	17
15/01/2024	UPA Paulista - Unidade de Pronto Atendimento	Segunda-feira	11	3	14	26	45	85	88	86	84	69	70	68	68	58	61	80	100	100	93	60	54	45	32	25
16/01/2024	UPA Paulista - Unidade de Pronto Atendimento	Terça-feira	19	24	28	49	65	81	4	75	91	88	87	91	89	67	75	84	89	79	73	60	50	47	41	32
17/01/2024	UPA Paulista - Unidade de Pronto Atendimento	Quarta-feira	31	21	29	45	64	88	82	89	70	67	66	73	41	74	71	76	71	68	58	56	33	29	14	9
18/01/2024	UPA Paulista - Unidade de Pronto Atendimento	Quinta-feira	11	15	20	40	69	96	91	99	89	77	74	58	70	77	76	79	100	78	70	58	40	34	33	27
19/01/2024	UPA Paulista - Unidade de Pronto Atendimento	Sexta-feira	24	24	24	41	71	69	66	78	66	75	69	84	92	81	73	81	76	76	64	53	37	28	22	18
20/01/2024	UPA Paulista - Unidade de Pronto Atendimento	Sábado	13	14	23	31	57	66	74	71	69	79	76	80	58	62	63	96	82	92	51	58	42	50	30	27
21/01/2024	UPA Paulista - Unidade de Pronto Atendimento	Domingo	13	6	14	24	39	52	45	56	60	57	59	61	56	55	48	50	67	64	55	40	40	28	21	9
22/01/2024	UPA Paulista - Unidade de Pronto Atendimento	Segunda-feira	10	8	23	42	68	78	78	76	83	79	74	80	97	97	92	84	100	100	92	86	61	37	29	32
23/01/2024	UPA Paulista - Unidade de Pronto Atendimento	Terça-feira	27	26	32	54	75	84	71	66	82	70	66	78	71	64	64	57	74	59	48	46	32	22	16	12
24/01/2024	UPA Paulista - Unidade de Pronto Atendimento	Quarta-feira	4	8	25	42	58	77	96	82	80	72	81	85	84	100	84	73	82	76	68	48	27	23	19	17
25/01/2024	UPA Paulista - Unidade de Pronto Atendimento	Quinta-feira	20	19	22	53	83	88	83	86	82	89	90	85	79	71	79	76	83	71	69	42	38	14	13	2
26/01/2024	UPA Paulista - Unidade de Pronto Atendimento	Sexta-feira	10	6	28	37	74	76	66	56	96	80	74	81	92	88	92	99	100	99	62	52	33	34	26	13
27/01/2024	UPA Paulista - Unidade de Pronto Atendimento	Sábado	22	8	15	34	55	59	50	51	62	63	66	61	42	53	60	59	72	65	63	31	32	26	23	15
28/01/2024	UPA Paulista - Unidade de Pronto Atendimento	Domingo	10	13	17	19	34	48	38	40	36	35	40	45	48	36	49	75	85	86	68	52	38	32	29	30
29/01/2024	UPA Paulista - Unidade de Pronto Atendimento	Segunda-feira	22	17	21	39	65	91	94	98	88	78	70	74	93	84	70	80	94	91	77	60	54	36	15	13
30/01/2024	UPA Paulista - Unidade de Pronto Atendimento	Terça-feira	14	23	27	45	70	81	92	100	64	82	78	83	89	85	86	94	82	74	67	44	25	30	33	25
31/01/2024	UPA Paulista - Unidade de Pronto Atendimento	Quarta-feira	29	32	31	52	64	77	70	71	89	72	0	86	56	59	60	52	74	79	72	57	52	44	30	7
01/02/2024	UPA Paulista - Unidade de Pronto Atendimento	Quinta-feira	15	20	22	48	75	79	68	5	81	0	0	77	76	77	81	78	78	65	78	56	36	38	0	20
02/02/2024	UPA Paulista - Unidade de Pronto Atendimento	Sexta-feira	14	19	23	41	63	78	34	64	69	81	84	77	76	9	72	70	88	89	73	47	0	0	24	25
03/02/2024	UPA Paulista - Unidade de Pronto Atendimento	Sábado	15	22	26	36	52	53	47	6	56	57	0	58	75	61	70	63	68	81	81	78	50	47	49	45
04/02/2024	UPA Paulista - Unidade de Pronto Atendimento	Domingo	30	22	26	34	56	64	34	35	44	56	65	48	53	33	44	52	71	56	51	50	35	25	26	15
05/02/2024	UPA Paulista - Unidade de Pronto Atendimento	Segunda-feira	16	4	11	38	73	82	4	93	89	93	90	85	86	79	99	94	100	90	88	60	43	39	30	19
06/02/2024	UPA Paulista - Unidade de Pronto Atendimento	Terça-feira	18	24	9	52	84	23	95	85	100	92	1	100	94	74	75	74	75	67	61	56	37	39	20	22
07/02/2024	UPA Paulista - Unidade de Pronto Atendimento	Quarta-feira	20	12	7	42	75	79	74	79	17	100	100	100	77	1	88	97	23	70	81	54	54	43	33	22
08/02/2024	UPA Paulista - Unidade de Pronto Atendimento	Quinta-feira	10	5	23	53	84	86	20	3	100	0	0	0	0	0	76	100	2	100	74	86	65	44	29	22
09/02/2024	UPA Paulista - Unidade de Pronto Atendimento	Sexta-feira	26	23	27	41	82	89	100	99	56	86	68	75	79	74	55	86	88	82	73	58	47	32	30	27
10/02/2024	UPA Paulista - Unidade de Pronto Atendimento	Sábado	23	8	11	30	52	65	74	72	1	60	56	63	64	0	66	67	90	87	59	50	27	10	17	0
11/02/2024	UPA Paulista - Unidade de Pronto Atendimento	Domingo	20	21	22	28	43	41	50	34	41	53	54	45	42	40	47	70	82	76	70	61	46	40	33	1
12/02/2024	UPA Paulista - Unidade de Pronto Atendimento	Segunda-feira	20	36	28	8	61	8	4	55	53	0	75	63	56	67	77	100	100	0	68	55	49	0	32	35
13/02/2024	UPA Paulista - Unidade de Pronto Atendimento	Terça-feira	31	38	25	42	61	71	57	60	59	77	76	70	0	60	64	73	85	72	0	31	28	27	20	16
14/02/2024	UPA Paulista - Unidade de Pronto Atendimento	Quarta-feira	11	10	21	38	61	80	80	77	100	96	83	80	0	3	100	97	85	0	73	0	41	31	12	18
15/02/2024	UPA Paulista - Unidade de Pronto Atendimento	Quinta-feira	14	13	15	29	30	20	93	53	100	100	100	92	75	100	100	100	100	90	86	62	50	37	34	32
16/02/2024	UPA Paulista - Unidade de Pronto Atendimento	Sexta-feira	26	20	26	59	58	100	100	90	88	67	100	98	83	100	100	98	38	100	57	53	56	38	33	21
17/02/2024	UPA Paulista - Unidade de Pronto Atendimento	Sábado	21	16	20	30	57	56	79	69	75	70	64	64	73	0	79	88	88	67	71	59	50	45	19	23
18/02/2024	UPA Paulista - Unidade de Pronto Atendimento	Domingo	0	21	16	18	42	51	59	56	55	60	59	73	71	57	43	58	70	60	72	59	46	42	16	29
19/02/2024	UPA Paulista - Unidade de Pronto Atendimento	Segunda-feira	32	24	30	49	100	100	4	100	100	100	47	93	97	100	100	100	99	79	59	64	40	31	14	21
20/02/2024	UPA Paulista - Unidade de Pronto Atendimento	Terça-feira	24	27	29	45	8	100	98	0	100	91	1	2	100	100	89	100	100	100	73	56	39	24	17	16
21/02/2024	UPA Paulista - Unidade de Pronto Atendimento	Quarta-feira	8	22	24	42	85	100	100	100	100	0	90	38	18	81	75	87	95	86	76	60	52	0	36	39
22/02/2024	UPA Paulista - Unidade de Pronto Atendimento	Quinta-feira	39	20	20	30	100	100	100	100	100	70	100	0	75	95	77	80	100	100	92	56	68	70	29	28
23/02/2024	UPA Paulista - Unidade de Pronto Atendimento	Sexta-feira	21	27	11	48	93	100	100	100	100	100	0	0	94	84	100	94	75	100	78	69	40	33	25	19
24/02/2024	UPA Paulista - Unidade de Pronto Atendimento	Sábado	17	11	21	5	46	71	65	76	84	79	55	75	90	83	62	74	80	60	67	59	39	35	33	34
25/02/2024	UPA Paulista - Unidade de Pronto Atendimento	Domingo	23	21	15	25	39	46	56	34	55	66	70	0	74	67	64	75	78	83	82	84	66	60	34	24
26/02/2024	UPA Paulista - Unidade de Pronto Atendimento	Segunda-feira	23	20	19	38	93	6	91	72	100	100	8	100	99	93	93	89	100	99	80	84	59	42	22	0
27/02/2024	UPA Paulista - Unidade de Pronto Atendimento	Terça-feira	26	28	29	42	10	78	90	100	52	98	100	88	94	85	100	100	0	86	86	62	44	29	7	20
28/02/2024	UPA Paulista - Unidade de Pronto Atendimento	Quarta-feira	12	18	27	38	82	100	4	94	96	82	100	86	5	78	77	67	100	99	68	64	60	45	32	25
29/02/2024	UPA Paulista - Unidade de Pronto Atendimento	Quinta-feira	21	27	32	50	13	79	100	75	93	72	69	76	93	82	89	80	97	96	100	75	51	45	22	26
01/03/2024	UPA Paulista - Unidade de Pronto Atendimento	Sexta-feira	13	17	20	31	84	100	90	71	85	78	88	85	87	84	78	72	72	68	61	44	37	33	23	12
02/03/2024	UPA Paulista - Unidade de Pronto Atendimento	Sábado	22	5	27	4	4	55	78	77	75	100	83	24	79	76	86	0	0	8	48	15	30	33	28	30
03/03/2024	UPA Paulista - Unidade de Pronto Atendimento	Domingo	27	33	23	24	36	48	57	57	54	51	46	49	41	3	52	65	91	92	67	60	36	31	25	14
04/03/2024	UPA Paulista - Unidade de Pronto Atendimento	Segunda-feira	7	19	26	39	85	89	79	85	85	95	4	3	90	87	82	96	83	94	78	62	43	41	31	21
05/03/2024	UPA Paulista - Unidade de Pronto Atendimento	Terça-feira	30	17	24	47	95	100	97	100	100	0	81	0	0	97	88	92	97	94	65	72	63	31	26	0
06/03/2024	UPA Paulista - Unidade de Pronto Atendimento	Quarta-feira	12	18	32	54	83	93	93	76	78	42	22	0	67	67	91	100	97	99	60	64	54	39	24	14
07/03/2024	UPA Paulista - Unidade de Pronto Atendimento	Quinta-feira	16	22	18	38	9	90	86	93	0	95	94	83	85	99	94	100	100	56	67	63	42	39	36	21
08/03/2024	UPA Paulista - Unidade de Pronto Atendimento	Sexta-feira	10	13	22	42	74	88	5	72	76	67	80	77	75	66	82	93	87	95	73	59	46	34	36	22
09/03/2024	UPA Paulista - Unidade de Pronto Atendimento	Sábado	16	12	13	26	36	60	52	51	52	50	48	53	61	62	64	78	100	86	72	51	37	25	18	21
10/03/2024	UPA Paulista - Unidade de Pronto Atendimento	Domingo	14	16	13	21	38	36	43	50	64	17	41	28	31	22	45	56	77	67	75	59	45	36	26	14
11/03/2024	UPA Paulista - Unidade de Pronto Atendimento	Segunda-feira	16	17	25	39	93	100	100	91	95	68	77	83	100	87	90	94	99	87	74	69	64	52	37	29
12/03/2024	UPA Paulista - Unidade de Pronto Atendimento	Terça-feira	21	21	24	45	70	83	96	80	74	70	80	85	90	92	77	95	93	88	80	72	39	45	28	24
13/03/2024	UPA Paulista - Unidade de Pronto Atendimento	Quarta-feira	17	14	17	12	90	100	100	85	0	83	87	0	75	79	79	100	100	84	74	65	57	41	31	18
14/03/2024	UPA Paulista - Unidade de Pronto Atendimento	Quinta-feira	13	15	27	43	85	89	100	84	2	90	86	0	85	76	76	86	80	77	52	64	51	8	31	23
15/03/2024	UPA Paulista - Unidade de Pronto Atendimento	Sexta-feira	18	18	22	44	83	95	100	87	93	89	77	0	73	69	70	100	83	90	77	63	63	41	38	0
16/03/2024	UPA Paulista - Unidade de Pronto Atendimento	Sábado	30	21	19	35	55	57	51	63	81	77	62	69	61	60	65	64	65	79	61	54	41	41	26	23
17/03/2024	UPA Paulista - Unidade de Pronto Atendimento	Domingo	20	21	21	28	45	39	51	75	88	73	64	59	57	52	61	77	91	64	56	51	36	37	22	20
18/03/2024	UPA Paulista - Unidade de Pronto Atendimento	Segunda-feira	20	18	32	11	7	9	3	100	87	80	80	95	99	77	70	100	100	99	89	81	61	31	34	28
19/03/2024	UPA Paulista - Unidade de Pronto Atendimento	Terça-feira	29	24	29	67	87	100	100	95	67	69	78	93	79	78	81	81	100	93	80	60	49	40	36	29
20/03/2024	UPA Paulista - Unidade de Pronto Atendimento	Quarta-feira	16	19	19	45	80	100	100	81	98	93	100	100	100	100	97	92	94	96	81	63	46	44	55	46
21/03/2024	UPA Paulista - Unidade de Pronto Atendimento	Quinta-feira	28	30	42	47	81	92	100	100	90	88	95	97	81	83	70	80	100	100	76	55	46	50	34	29
22/03/2024	UPA Paulista - Unidade de Pronto Atendimento	Sexta-feira	16	30	30	50	64	70	78	75	81	88	83	100	100	100	98	100	100	96	70	55	32	37	32	35
23/03/2024	UPA Paulista - Unidade de Pronto Atendimento	Sábado	31	18	20	24	40	55	60	58	0	76	76	84	84	63	52	48	49	72	58	61	41	40	33	25
24/03/2024	UPA Paulista - Unidade de Pronto Atendimento	Domingo	14	19	18	25	44	42	41	54	50	55	66	58	60	63	57	74	91	79	66	48	52	43	29	19
25/03/2024	UPA Paulista - Unidade de Pronto Atendimento	Segunda-feira	20	12	30	47	90	6	100	100	100	84	100	100	100	100	97	100	100	97	71	53	37	38	18	17
26/03/2024	UPA Paulista - Unidade de Pronto Atendimento	Terça-feira	11	15	22	40	67	81	72	81	70	53	65	55	62	68	59	76	79	82	64	54	32	36	26	22
27/03/2024	UPA Paulista - Unidade de Pronto Atendimento	Quarta-feira	18	15	24	43	70	79	87	60	54	44	55	54	67	66	71	78	76	73	52	42	39	27	25	25
28/03/2024	UPA Paulista - Unidade de Pronto Atendimento	Quinta-feira	22	20	21	35	71	75	4	83	59	55	52	12	42	50	54	57	63	71	61	49	34	28	25	31
29/03/2024	UPA Paulista - Unidade de Pronto Atendimento	Sexta-feira	25	21	22	38	45	44	46	40	52	52	55	53	52	45	52	53	65	68	64	42	25	27	17	16
30/03/2024	UPA Paulista - Unidade de Pronto Atendimento	Sábado	18	16	20	32	43	46	62	54	3	49	66	57	63	48	44	50	61	62	53	33	26	33	29	21
31/03/2024	UPA Paulista - Unidade de Pronto Atendimento	Domingo	13	13	19	21	44	48	39	49	52	53	34	39	41	49	52	51	61	54	53	43	25	13	8	7
01/04/2024	UPA Paulista - Unidade de Pronto Atendimento	Segunda-feira	12	20	22	32	60	69	67	64	66	60	2	59	71	64	73	0	90	92	66	62	40	35	26	23
02/04/2024	UPA Paulista - Unidade de Pronto Atendimento	Terça-feira	15	17	19	46	77	93	95	100	83	85	82	82	81	77	74	79	74	70	47	35	40	45	32	25
03/04/2024	UPA Paulista - Unidade de Pronto Atendimento	Quarta-feira	17	21	40	50	60	92	75	76	67	21	64	54	55	61	69	89	100	85	85	61	39	33	29	32
04/04/2024	UPA Paulista - Unidade de Pronto Atendimento	Quinta-feira	23	15	26	44	86	81	84	61	57	59	74	85	86	78	78	71	72	74	72	53	41	38	31	30
05/04/2024	UPA Paulista - Unidade de Pronto Atendimento	Sexta-feira	25	26	29	47	75	76	67	60	69	54	64	60	75	74	75	83	84	51	83	51	44	49	36	31
06/04/2024	UPA Paulista - Unidade de Pronto Atendimento	Sábado	28	17	3	31	34	39	47	46	43	46	50	76	64	58	69	66	68	71	51	50	36	31	24	21
07/04/2024	UPA Paulista - Unidade de Pronto Atendimento	Domingo	20	17	17	18	34	43	51	54	52	58	59	1	73	65	65	2	69	63	60	45	25	21	19	22
08/04/2024	UPA Paulista - Unidade de Pronto Atendimento	Segunda-feira	24	21	25	39	70	83	88	83	75	66	71	74	82	72	65	62	80	75	66	44	35	21	17	14
09/04/2024	UPA Paulista - Unidade de Pronto Atendimento	Terça-feira	10	20	27	35	7	85	91	77	84	78	69	84	80	77	79	83	91	87	72	46	30	24	30	24
10/04/2024	UPA Paulista - Unidade de Pronto Atendimento	Quarta-feira	15	26	31	36	75	86	82	74	63	68	47	69	62	64	50	61	67	77	70	56	51	32	25	21
11/04/2024	UPA Paulista - Unidade de Pronto Atendimento	Quinta-feira	28	12	31	43	67	73	83	81	74	75	68	62	56	68	77	81	80	73	66	41	33	34	22	29
12/04/2024	UPA Paulista - Unidade de Pronto Atendimento	Sexta-feira	24	22	41	57	73	78	85	82	79	0	74	69	67	67	73	78	77	69	69	61	47	41	31	23
13/04/2024	UPA Paulista - Unidade de Pronto Atendimento	Sábado	22	21	22	31	53	49	47	62	61	61	60	58	74	71	78	80	81	65	54	50	39	38	30	25
14/04/2024	UPA Paulista - Unidade de Pronto Atendimento	Domingo	30	28	27	16	38	52	49	57	74	74	83	65	63	68	68	85	67	57	55	31	24	23	27	20
15/04/2024	UPA Paulista - Unidade de Pronto Atendimento	Segunda-feira	24	19	33	45	70	85	91	87	80	87	86	86	96	96	80	85	100	92	97	82	57	37	27	19
16/04/2024	UPA Paulista - Unidade de Pronto Atendimento	Terça-feira	18	34	35	48	84	82	83	71	83	0	77	69	71	81	79	69	74	72	62	53	46	36	22	19
17/04/2024	UPA Paulista - Unidade de Pronto Atendimento	Quarta-feira	21	20	18	37	76	82	83	77	80	73	79	68	76	85	96	96	96	98	76	58	32	23	11	19
18/04/2024	UPA Paulista - Unidade de Pronto Atendimento	Quinta-feira	13	32	32	41	8	67	72	71	69	67	77	80	71	62	61	62	50	54	49	41	29	16	11	11
19/04/2024	UPA Paulista - Unidade de Pronto Atendimento	Sexta-feira	13	11	19	30	72	75	73	71	78	73	65	70	65	71	71	74	66	74	58	48	35	24	27	18
20/04/2024	UPA Paulista - Unidade de Pronto Atendimento	Sábado	12	13	20	28	45	50	60	48	55	54	63	61	61	65	59	50	0	47	48	44	37	28	23	21
21/04/2024	UPA Paulista - Unidade de Pronto Atendimento	Domingo	10	7	8	24	42	47	50	47	64	63	70	70	77	77	70	74	77	76	63	58	43	34	0	11
22/04/2024	UPA Paulista - Unidade de Pronto Atendimento	Segunda-feira	13	7	25	36	8	81	78	69	73	62	88	86	100	100	100	100	99	95	76	64	43	37	30	25
23/04/2024	UPA Paulista - Unidade de Pronto Atendimento	Terça-feira	27	22	27	35	68	78	92	94	100	67	75	74	87	82	90	100	100	100	79	77	48	39	22	17
24/04/2024	UPA Paulista - Unidade de Pronto Atendimento	Quarta-feira	14	9	19	36	71	80	79	74	80	59	64	34	50	69	83	90	89	84	59	40	37	35	20	13
25/04/2024	UPA Paulista - Unidade de Pronto Atendimento	Quinta-feira	13	12	19	46	82	72	80	80	79	74	66	73	80	86	82	89	86	72	59	58	36	31	14	11
26/04/2024	UPA Paulista - Unidade de Pronto Atendimento	Sexta-feira	14	14	20	41	79	81	84	85	80	70	76	75	86	77	70	71	72	60	60	54	38	30	28	25
27/04/2024	UPA Paulista - Unidade de Pronto Atendimento	Sábado	18	17	24	26	44	55	53	65	61	53	43	59	60	60	53	57	56	53	44	46	30	27	0	19
28/04/2024	UPA Paulista - Unidade de Pronto Atendimento	Domingo	2	12	19	30	31	47	47	1	NA	54	59	73	59	61	48	50	62	58	49	48	38	24	20	17
29/04/2024	UPA Paulista - Unidade de Pronto Atendimento	Segunda-feira	21	15	21	36	73	81	92	82	72	66	60	91	100	97	69	88	81	83	65	60	40	30	20	16
30/04/2024	UPA Paulista - Unidade de Pronto Atendimento	Terça-feira	19	15	27	33	61	6	83	86	71	59	46	56	75	67	67	95	83	73	76	57	34	33	35	26
01/05/2024	UPA Paulista - Unidade de Pronto Atendimento	Quarta-feira	22	26	29	38	53	59	59	59	0	66	67	44	36	40	63	72	72	82	56	42	34	22	16	14
02/05/2024	UPA Paulista - Unidade de Pronto Atendimento	Quinta-feira	16	17	19	44	75	81	75	81	74	79	75	72	61	69	80	90	85	70	58	58	41	18	13	9
03/05/2024	UPA Paulista - Unidade de Pronto Atendimento	Sexta-feira	14	14	18	42	75	87	72	77	75	72	81	74	69	67	72	76	74	80	72	48	36	17	24	21
04/05/2024	UPA Paulista - Unidade de Pronto Atendimento	Sábado	13	12	26	33	50	58	64	61	53	37	50	54	57	51	75	76	74	72	52	40	29	31	27	27
05/05/2024	UPA Paulista - Unidade de Pronto Atendimento	Domingo	19	21	24	19	51	55	57	71	66	72	65	60	58	57	65	85	93	79	60	49	36	30	19	10
06/05/2024	UPA Paulista - Unidade de Pronto Atendimento	Segunda-feira	9	20	27	34	65	82	99	100	100	93	85	87	86	100	88	75	88	75	66	50	32	24	16	17
07/05/2024	UPA Paulista - Unidade de Pronto Atendimento	Terça-feira	24	25	23	41	77	81	92	95	71	71	80	100	95	92	87	96	93	81	77	66	53	44	35	34
08/05/2024	UPA Paulista - Unidade de Pronto Atendimento	Quarta-feira	33	39	36	46	82	94	93	89	80	82	90	80	73	73	95	74	75	86	79	53	34	33	38	34
09/05/2024	UPA Paulista - Unidade de Pronto Atendimento	Quinta-feira	22	17	24	52	83	89	80	77	91	89	79	64	70	84	72	80	81	68	52	37	27	26	15	14
10/05/2024	UPA Paulista - Unidade de Pronto Atendimento	Sexta-feira	18	15	17	29	68	77	75	83	79	73	72	69	74	77	84	91	90	83	86	52	45	31	20	9
11/05/2024	UPA Paulista - Unidade de Pronto Atendimento	Sábado	9	9	12	21	41	53	50	50	63	70	58	60	58	52	59	56	69	67	52	56	35	32	33	17
12/05/2024	UPA Paulista - Unidade de Pronto Atendimento	Domingo	25	7	15	18	32	38	46	44	47	41	44	54	15	44	54	59	56	55	52	42	30	23	20	10
13/05/2024	UPA Paulista - Unidade de Pronto Atendimento	Segunda-feira	23	17	23	38	80	79	84	82	81	80	71	82	71	87	83	73	88	81	2	60	39	35	23	22
14/05/2024	UPA Paulista - Unidade de Pronto Atendimento	Terça-feira	16	24	29	39	66	89	90	98	84	79	76	83	75	80	79	78	77	70	58	43	32	20	14	13
15/05/2024	UPA Paulista - Unidade de Pronto Atendimento	Quarta-feira	11	14	16	35	68	75	80	75	86	71	75	64	79	77	74	77	77	67	59	47	36	29	24	14
16/05/2024	UPA Paulista - Unidade de Pronto Atendimento	Quinta-feira	15	20	34	38	89	87	93	71	73	72	84	74	70	71	78	77	74	71	71	57	36	23	17	24
17/05/2024	UPA Paulista - Unidade de Pronto Atendimento	Sexta-feira	25	33	26	36	57	66	65	78	75	89	80	88	78	77	69	66	82	70	52	42	35	39	41	33
18/05/2024	UPA Paulista - Unidade de Pronto Atendimento	Sábado	29	25	18	18	40	57	70	77	76	71	57	53	56	60	57	45	53	58	57	44	38	30	19	12
19/05/2024	UPA Paulista - Unidade de Pronto Atendimento	Domingo	15	23	18	25	32	47	48	50	63	58	52	65	66	57	58	55	51	62	45	35	34	34	32	31
20/05/2024	UPA Paulista - Unidade de Pronto Atendimento	Segunda-feira	25	20	21	35	67	79	82	84	83	75	75	91	77	74	73	80	77	70	41	37	28	30	19	13
21/05/2024	UPA Paulista - Unidade de Pronto Atendimento	Terça-feira	13	13	24	37	67	67	76	70	67	60	78	71	73	59	56	75	66	69	55	45	36	29	21	25
22/05/2024	UPA Paulista - Unidade de Pronto Atendimento	Quarta-feira	25	22	30	41	67	78	78	68	63	68	62	47	46	47	57	58	66	54	55	48	24	24	18	18
23/05/2024	UPA Paulista - Unidade de Pronto Atendimento	Quinta-feira	18	17	21	35	66	68	67	76	69	65	57	52	56	57	66	67	60	72	68	41	33	31	23	24
24/05/2024	UPA Paulista - Unidade de Pronto Atendimento	Sexta-feira	20	13	23	38	63	73	74	68	66	61	54	49	49	64	49	57	58	50	41	38	24	22	15	10
25/05/2024	UPA Paulista - Unidade de Pronto Atendimento	Sábado	11	16	19	26	37	50	50	54	47	51	54	45	46	45	42	45	40	48	39	33	28	21	15	15
26/05/2024	UPA Paulista - Unidade de Pronto Atendimento	Domingo	8	16	20	21	33	35	4	32	27	30	38	35	39	35	32	46	45	32	32	25	21	12	9	16
27/05/2024	UPA Paulista - Unidade de Pronto Atendimento	Segunda-feira	14	9	7	23	51	43	34	48	55	57	61	65	75	81	64	54	60	65	49	38	25	20	14	16
28/05/2024	UPA Paulista - Unidade de Pronto Atendimento	Terça-feira	11	16	17	9	62	57	26	3	57	49	57	1	4	57	50	53	54	58	52	34	13	12	12	12
29/05/2024	UPA Paulista - Unidade de Pronto Atendimento	Quarta-feira	10	3	20	31	53	59	58	50	54	57	58	16	51	61	60	61	63	46	39	26	17	0	18	22
30/05/2024	UPA Paulista - Unidade de Pronto Atendimento	Quinta-feira	23	13	20	22	52	50	41	43	45	54	57	55	45	43	36	47	52	45	32	24	13	14	12	10
31/05/2024	UPA Paulista - Unidade de Pronto Atendimento	Sexta-feira	10	11	14	23	9	NA	NA	39	48	55	61	52	52	47	48	57	52	51	38	29	17	9	8	9
01/06/2024	UPA Paulista - Unidade de Pronto Atendimento	Sábado	4	9	10	26	40	38	39	37	39	46	51	51	47	42	38	41	39	36	35	0	16	16	17	16
02/06/2024	UPA Paulista - Unidade de Pronto Atendimento	Domingo	6	14	16	29	34	38	22	10	27	32	44	43	49	46	43	45	54	48	31	20	10	13	18	16
03/06/2024	UPA Paulista - Unidade de Pronto Atendimento	Segunda-feira	15	12	14	30	58	60	57	57	61	57	57	62	64	49	58	61	58	69	39	36	26	24	10	8
04/06/2024	UPA Paulista - Unidade de Pronto Atendimento	Terça-feira	8	11	23	28	71	72	69	59	72	65	55	62	57	57	66	58	60	57	43	27	16	13	10	8
05/06/2024	UPA Paulista - Unidade de Pronto Atendimento	Quarta-feira	5	11	12	7	56	67	66	69	57	44	0	47	55	55	57	64	54	50	46	32	23	0	17	9
06/06/2024	UPA Paulista - Unidade de Pronto Atendimento	Quinta-feira	13	16	29	36	60	69	5	83	0	51	67	63	0	59	47	48	53	54	40	29	19	17	12	16
07/06/2024	UPA Paulista - Unidade de Pronto Atendimento	Sexta-feira	7	10	12	24	24	67	60	49	46	52	52	1	49	52	42	51	55	54	55	36	29	22	17	17
08/06/2024	UPA Paulista - Unidade de Pronto Atendimento	Sábado	20	20	22	23	6	36	39	40	54	60	60	70	59	59	38	37	50	46	43	33	25	22	18	11
09/06/2024	UPA Paulista - Unidade de Pronto Atendimento	Domingo	13	15	3	23	27	39	36	33	38	31	31	1	40	39	39	39	57	52	47	29	10	8	9	13
10/06/2024	UPA Paulista - Unidade de Pronto Atendimento	Segunda-feira	18	10	16	25	59	65	72	62	60	66	66	1	57	68	66	63	69	67	52	42	19	21	14	10
11/06/2024	UPA Paulista - Unidade de Pronto Atendimento	Terça-feira	14	3	19	30	8	71	67	67	60	51	0	1	76	63	62	57	57	65	63	52	42	26	17	11
12/06/2024	UPA Paulista - Unidade de Pronto Atendimento	Quarta-feira	8	16	12	31	64	64	59	61	60	62	60	64	64	51	61	67	48	51	43	33	30	19	18	14
13/06/2024	UPA Paulista - Unidade de Pronto Atendimento	Quinta-feira	10	11	21	9	70	62	68	77	70	0	0	74	64	0	72	74	75	68	2	39	24	17	10	10
14/06/2024	UPA Paulista - Unidade de Pronto Atendimento	Sexta-feira	15	9	17	40	70	71	63	65	71	73	60	61	64	68	82	75	65	65	57	41	26	30	22	15
15/06/2024	UPA Paulista - Unidade de Pronto Atendimento	Sábado	15	14	17	27	33	53	44	48	40	58	37	44	51	46	43	54	56	47	48	44	31	23	23	21
16/06/2024	UPA Paulista - Unidade de Pronto Atendimento	Domingo	15	13	17	25	37	42	42	34	37	42	36	51	45	43	44	51	63	62	52	38	30	20	16	14
17/06/2024	UPA Paulista - Unidade de Pronto Atendimento	Segunda-feira	12	12	21	34	62	65	63	1	67	61	64	58	59	65	66	76	79	75	66	40	31	24	15	12
18/06/2024	UPA Paulista - Unidade de Pronto Atendimento	Terça-feira	14	15	24	39	80	80	90	77	71	28	71	82	78	76	88	100	82	71	53	45	27	33	21	17
19/06/2024	UPA Paulista - Unidade de Pronto Atendimento	Quarta-feira	15	16	24	29	61	66	64	72	65	66	67	65	64	70	71	60	61	56	43	33	25	16	17	11
20/06/2024	UPA Paulista - Unidade de Pronto Atendimento	Quinta-feira	14	7	16	32	51	61	62	1	70	59	79	74	67	71	82	82	67	61	44	34	31	35	22	18
21/06/2024	UPA Paulista - Unidade de Pronto Atendimento	Sexta-feira	14	14	17	30	62	71	3	74	53	59	72	74	73	62	64	56	58	59	45	40	24	18	27	16
22/06/2024	UPA Paulista - Unidade de Pronto Atendimento	Sábado	6	11	17	31	42	41	44	40	36	39	47	47	45	39	36	45	50	53	42	28	30	21	15	22
23/06/2024	UPA Paulista - Unidade de Pronto Atendimento	Domingo	20	16	18	31	41	42	40	46	49	0	61	74	65	47	48	46	63	1	63	39	34	28	19	10
24/06/2024	UPA Paulista - Unidade de Pronto Atendimento	Segunda-feira	17	10	20	15	8	66	73	70	67	67	71	80	71	71	79	76	70	56	51	34	24	21	14	17
25/06/2024	UPA Paulista - Unidade de Pronto Atendimento	Terça-feira	19	14	20	34	62	59	65	63	0	72	0	96	89	74	56	55	62	74	56	39	14	16	9	14
26/06/2024	UPA Paulista - Unidade de Pronto Atendimento	Quarta-feira	10	16	19	34	54	77	62	78	2	1	1	65	0	97	85	84	74	65	50	52	27	19	15	7
27/06/2024	UPA Paulista - Unidade de Pronto Atendimento	Quinta-feira	10	10	23	51	65	64	5	64	65	67	72	68	0	46	51	53	0	60	63	47	28	27	26	27
28/06/2024	UPA Paulista - Unidade de Pronto Atendimento	Sexta-feira	21	13	24	31	53	55	63	26	64	65	1	46	53	60	61	64	63	68	56	49	35	12	17	23
29/06/2024	UPA Paulista - Unidade de Pronto Atendimento	Sábado	19	14	15	29	41	60	58	64	67	59	59	49	52	46	47	46	57	59	57	42	31	33	20	18
30/06/2024	UPA Paulista - Unidade de Pronto Atendimento	Domingo	14	13	11	15	29	32	34	29	41	35	47	42	39	34	28	41	49	45	26	22	0	14	0	9
01/07/2024	UPA Paulista - Unidade de Pronto Atendimento	Segunda-feira	13	15	25	37	68	53	62	29	63	69	66	1	60	69	31	71	91	71	57	35	19	10	15	14
02/07/2024	UPA Paulista - Unidade de Pronto Atendimento	Terça-feira	11	13	20	38	53	55	63	63	56	62	71	75	63	62	65	70	68	66	49	42	21	20	20	14
03/07/2024	UPA Paulista - Unidade de Pronto Atendimento	Quarta-feira	10	11	15	33	12	59	53	2	53	56	62	71	0	73	69	55	62	62	56	51	43	25	23	27
04/07/2024	UPA Paulista - Unidade de Pronto Atendimento	Quinta-feira	18	21	32	42	62	60	26	60	62	61	65	60	3	58	54	73	63	68	62	37	24	22	18	14
05/07/2024	UPA Paulista - Unidade de Pronto Atendimento	Sexta-feira	16	19	21	29	52	60	71	53	51	54	53	55	58	58	62	63	68	58	48	33	24	26	20	21
06/07/2024	UPA Paulista - Unidade de Pronto Atendimento	Sábado	10	2	6	24	49	42	50	53	40	14	44	45	38	49	42	46	47	43	55	52	37	30	32	17
07/07/2024	UPA Paulista - Unidade de Pronto Atendimento	Domingo	13	10	12	19	25	32	4	45	47	40	50	51	51	49	53	50	52	52	53	40	29	19	14	11
08/07/2024	UPA Paulista - Unidade de Pronto Atendimento	Segunda-feira	11	12	28	37	50	53	4	9	55	48	59	51	56	58	62	54	77	81	62	36	16	11	17	15
09/07/2024	UPA Paulista - Unidade de Pronto Atendimento	Terça-feira	13	9	6	8	48	52	57	58	45	41	53	58	57	45	41	41	50	45	40	33	14	5	13	1
10/07/2024	UPA Paulista - Unidade de Pronto Atendimento	Quarta-feira	9	16	15	30	52	55	3	52	56	0	63	65	69	62	57	63	71	69	48	38	19	25	22	19
11/07/2024	UPA Paulista - Unidade de Pronto Atendimento	Quinta-feira	17	18	18	24	51	47	46	49	52	53	48	49	49	54	48	68	67	62	44	36	15	9	18	13
12/07/2024	UPA Paulista - Unidade de Pronto Atendimento	Sexta-feira	17	20	21	33	50	25	50	59	47	50	1	39	51	59	59	61	73	17	58	34	33	29	23	17
13/07/2024	UPA Paulista - Unidade de Pronto Atendimento	Sábado	15	18	19	29	43	50	43	31	46	42	41	34	0	45	50	53	51	59	65	0	30	17	22	15
14/07/2024	UPA Paulista - Unidade de Pronto Atendimento	Domingo	6	1	9	24	36	37	31	26	35	33	36	47	46	34	37	47	46	52	42	34	18	13	10	3
15/07/2024	UPA Paulista - Unidade de Pronto Atendimento	Segunda-feira	8	14	28	32	7	47	49	15	55	63	58	59	63	61	61	59	66	61	48	33	32	31	25	28
16/07/2024	UPA Paulista - Unidade de Pronto Atendimento	Terça-feira	16	18	24	34	51	57	59	60	52	49	46	5	53	59	62	62	67	25	38	31	21	20	16	14
17/07/2024	UPA Paulista - Unidade de Pronto Atendimento	Quarta-feira	12	13	34	35	48	57	65	60	58	50	52	59	71	75	60	56	65	62	44	33	15	6	9	7
18/07/2024	UPA Paulista - Unidade de Pronto Atendimento	Quinta-feira	8	10	16	25	40	48	21	50	1	59	63	59	68	63	65	63	54	47	42	28	22	20	9	12
19/07/2024	UPA Paulista - Unidade de Pronto Atendimento	Sexta-feira	0	3	8	8	50	57	3	3	54	66	32	14	0	67	0	58	55	50	25	25	11	0	11	11
20/07/2024	UPA Paulista - Unidade de Pronto Atendimento	Sábado	12	2	10	15	33	6	47	39	37	46	43	55	51	49	51	53	58	68	62	45	24	19	20	0
21/07/2024	UPA Paulista - Unidade de Pronto Atendimento	Domingo	13	14	13	14	27	31	35	33	36	43	44	42	35	49	40	41	54	47	43	35	0	0	14	12
22/07/2024	UPA Paulista - Unidade de Pronto Atendimento	Segunda-feira	16	10	13	24	48	54	58	60	51	60	51	2	45	65	60	64	76	69	46	40	14	12	6	8
23/07/2024	UPA Paulista - Unidade de Pronto Atendimento	Terça-feira	5	8	22	34	49	53	50	54	26	18	45	43	48	50	60	61	59	54	45	0	23	24	6	7
24/07/2024	UPA Paulista - Unidade de Pronto Atendimento	Quarta-feira	8	13	16	25	8	42	39	54	57	3	58	63	50	50	58	46	56	53	50	33	21	11	10	11
25/07/2024	UPA Paulista - Unidade de Pronto Atendimento	Quinta-feira	13	14	19	33	60	57	58	54	63	78	64	62	34	49	44	59	63	67	45	37	25	19	13	13
26/07/2024	UPA Paulista - Unidade de Pronto Atendimento	Sexta-feira	13	7	16	33	50	51	53	45	44	54	61	62	57	55	57	52	52	51	43	33	15	20	20	22
27/07/2024	UPA Paulista - Unidade de Pronto Atendimento	Sábado	15	2	14	19	21	50	41	48	42	51	51	57	47	60	62	57	57	60	58	38	32	28	26	21
28/07/2024	UPA Paulista - Unidade de Pronto Atendimento	Domingo	12	13	8	24	28	33	40	41	45	1	41	36	37	39	44	44	53	54	41	34	15	0	15	12
29/07/2024	UPA Paulista - Unidade de Pronto Atendimento	Segunda-feira	9	12	12	33	55	52	56	60	56	62	61	67	59	0	49	55	62	56	47	43	29	28	14	13
30/07/2024	UPA Paulista - Unidade de Pronto Atendimento	Terça-feira	14	9	9	29	53	57	4	57	45	0	49	50	39	17	42	25	60	51	43	35	29	21	13	7
31/07/2024	UPA Paulista - Unidade de Pronto Atendimento	Quarta-feira	0	6	6	29	57	60	56	2	0	55	59	56	51	22	63	64	83	60	40	29	24	22	15	10
01/08/2024	UPA Paulista - Unidade de Pronto Atendimento	Quinta-feira	13	16	24	37	12	6	61	52	1	42	49	2	52	44	0	54	55	41	35	33	0	0	0	0
02/08/2024	UPA Paulista - Unidade de Pronto Atendimento	Sexta-feira	9	7	19	16	54	48	3	3	35	37	11	1	50	2	64	0	0	79	69	0	23	20	16	7
03/08/2024	UPA Paulista - Unidade de Pronto Atendimento	Sábado	0	15	4	10	42	46	39	39	49	44	47	46	44	49	50	46	51	54	55	46	38	28	16	17
04/08/2024	UPA Paulista - Unidade de Pronto Atendimento	Domingo	17	15	10	20	5	34	5	29	31	31	41	40	35	36	49	47	60	61	61	38	30	29	20	10
05/08/2024	UPA Paulista - Unidade de Pronto Atendimento	Segunda-feira	11	14	11	40	70	72	77	66	0	1	71	81	67	3	70	81	100	100	88	63	46	42	29	25
06/08/2024	UPA Paulista - Unidade de Pronto Atendimento	Terça-feira	14	17	23	40	10	7	9	89	86	83	87	95	89	96	98	98	84	95	88	77	57	49	29	22
07/08/2024	UPA Paulista - Unidade de Pronto Atendimento	Quarta-feira	17	2	13	44	7	6	94	75	84	88	82	79	85	67	90	93	100	96	71	62	63	54	35	31
08/08/2024	UPA Paulista - Unidade de Pronto Atendimento	Quinta-feira	15	23	26	49	8	97	12	100	97	98	97	90	80	82	78	0	0	2	2	0	50	41	23	22
09/08/2024	UPA Paulista - Unidade de Pronto Atendimento	Sexta-feira	27	30	6	NA	NA	73	84	70	66	2	76	84	74	0	78	89	0	74	64	58	41	40	19	10
10/08/2024	UPA Paulista - Unidade de Pronto Atendimento	Sábado	4	15	15	5	40	48	47	47	0	45	60	68	62	54	71	69	65	49	55	48	36	26	19	20
11/08/2024	UPA Paulista - Unidade de Pronto Atendimento	Domingo	17	25	23	28	36	36	46	51	56	59	46	52	67	78	75	65	60	60	56	42	47	29	23	16
12/08/2024	UPA Paulista - Unidade de Pronto Atendimento	Segunda-feira	14	15	6	7	71	7	5	81	86	88	77	91	94	92	99	76	88	82	70	55	51	33	21	22
13/08/2024	UPA Paulista - Unidade de Pronto Atendimento	Terça-feira	17	14	23	38	60	76	78	78	75	62	77	77	83	85	76	75	85	78	53	32	32	23	17	9
14/08/2024	UPA Paulista - Unidade de Pronto Atendimento	Quarta-feira	23	16	14	34	67	77	79	83	73	75	78	75	95	86	93	95	100	1	75	62	56	36	37	28
15/08/2024	UPA Paulista - Unidade de Pronto Atendimento	Quinta-feira	31	35	29	43	69	63	60	61	70	77	91	91	96	87	73	82	90	97	69	79	64	47	30	22
16/08/2024	UPA Paulista - Unidade de Pronto Atendimento	Sexta-feira	17	18	25	43	77	77	79	76	70	69	72	75	70	69	89	94	100	100	100	79	41	44	39	40
17/08/2024	UPA Paulista - Unidade de Pronto Atendimento	Sábado	18	20	26	23	38	58	50	51	43	48	51	76	67	75	59	64	90	94	80	40	31	28	30	31
18/08/2024	UPA Paulista - Unidade de Pronto Atendimento	Domingo	21	14	26	25	45	53	48	39	49	40	44	69	0	50	58	79	84	74	66	42	30	42	41	29
19/08/2024	UPA Paulista - Unidade de Pronto Atendimento	Segunda-feira	21	13	18	41	86	88	100	89	76	86	98	99	100	91	100	100	100	100	87	80	71	51	31	20
20/08/2024	UPA Paulista - Unidade de Pronto Atendimento	Terça-feira	13	14	15	43	78	88	93	88	83	92	96	85	88	94	95	100	100	100	96	80	60	47	41	28
21/08/2024	UPA Paulista - Unidade de Pronto Atendimento	Quarta-feira	16	11	16	35	70	71	83	69	82	83	97	85	87	91	100	100	100	100	96	67	39	39	31	23
22/08/2024	UPA Paulista - Unidade de Pronto Atendimento	Quinta-feira	1	18	24	43	84	87	85	100	NA	99	85	90	96	NA	92	NA	NA	100	NA	57	51	41	20	NA
23/08/2024	UPA Paulista - Unidade de Pronto Atendimento	Sexta-feira	19	19	30	41	NA	NA	NA	79	75	NA	72	NA	100	NA	79	78	NA	87	87	60	43	36	39	33
24/08/2024	UPA Paulista - Unidade de Pronto Atendimento	Sábado	21	NA	28	NA	61	NA	NA	74	NA	52	NA	68	NA	NA	NA	NA	NA	NA	NA	34	24	39	29	32
25/08/2024	UPA Paulista - Unidade de Pronto Atendimento	Domingo	18	25	18	3	4	43	47	49	NA	NA	NA	NA	NA	NA	NA	NA	NA	NA	NA	NA	NA	NA	NA	NA
26/08/2024	UPA Paulista - Unidade de Pronto Atendimento	Segunda-feira	NA	NA	NA	NA	NA	NA	NA	NA	NA	NA	NA	92	NA	94	94	NA	NA	NA	70	61	30	31	14	3
27/08/2024	UPA Paulista - Unidade de Pronto Atendimento	Terça-feira	6	NA	26	34	69	NA	NA	NA	NA	NA	NA	78	82	77	81	79	70	70	57	33	27	23	16	9
28/08/2024	UPA Paulista - Unidade de Pronto Atendimento	Quarta-feira	11	10	19	27	64	67	63	55	62	60	75	71	73	64	76	73	88	78	69	52	31	24	16	5
29/08/2024	UPA Paulista - Unidade de Pronto Atendimento	Quinta-feira	5	10	18	37	59	70	5	67	69	71	83	73	82	80	75	0	83	81	62	53	0	32	23	15
30/08/2024	UPA Paulista - Unidade de Pronto Atendimento	Sexta-feira	13	13	18	26	63	75	63	61	57	55	60	58	65	77	90	86	87	77	70	51	30	36	27	21
31/08/2024	UPA Paulista - Unidade de Pronto Atendimento	Sábado	19	14	15	30	46	51	50	48	68	58	42	48	61	64	55	57	52	76	63	63	47	28	32	23
01/09/2024	UPA Paulista - Unidade de Pronto Atendimento	Domingo	22	12	9	6	10	45	5	50	57	66	51	42	52	65	54	50	56	53	51	41	27	27	23	14
02/09/2024	UPA Paulista - Unidade de Pronto Atendimento	Segunda-feira	1	24	24	31	70	81	83	81	61	66	90	78	78	76	77	100	92	82	68	54	41	31	23	15
03/09/2024	UPA Paulista - Unidade de Pronto Atendimento	Terça-feira	12	12	25	7	77	80	28	76	78	70	79	2	69	74	63	80	89	72	78	60	41	0	10	15
04/09/2024	UPA Paulista - Unidade de Pronto Atendimento	Quarta-feira	0	21	24	35	74	68	75	69	61	58	64	71	69	64	70	82	84	82	76	64	0	36	17	16
05/09/2024	UPA Paulista - Unidade de Pronto Atendimento	Quinta-feira	11	5	31	51	85	75	68	74	73	72	75	67	80	66	36	69	79	3	59	48	31	37	22	10
06/09/2024	UPA Paulista - Unidade de Pronto Atendimento	Sexta-feira	15	13	8	44	11	63	75	3	66	68	57	63	77	77	77	77	89	85	63	61	49	40	30	23
07/09/2024	UPA Paulista - Unidade de Pronto Atendimento	Sábado	16	10	14	31	60	6	45	54	57	71	62	62	62	52	58	61	71	61	51	47	48	49	28	16
08/09/2024	UPA Paulista - Unidade de Pronto Atendimento	Domingo	10	14	12	23	36	42	37	35	32	46	50	54	52	44	41	51	62	57	55	40	35	29	19	17
09/09/2024	UPA Paulista - Unidade de Pronto Atendimento	Segunda-feira	16	11	21	40	59	67	64	65	69	60	78	68	67	32	72	77	65	56	50	46	43	40	24	16
10/09/2024	UPA Paulista - Unidade de Pronto Atendimento	Terça-feira	10	3	20	35	64	9	76	73	66	77	73	69	81	88	79	73	75	63	66	54	15	35	17	16
11/09/2024	UPA Paulista - Unidade de Pronto Atendimento	Quarta-feira	1	18	22	37	80	82	79	68	63	46	49	62	70	69	60	65	63	62	57	46	37	25	21	15
12/09/2024	UPA Paulista - Unidade de Pronto Atendimento	Quinta-feira	0	16	25	36	57	62	5	69	55	0	85	67	0	58	61	72	76	70	58	49	33	20	0	14
13/09/2024	UPA Paulista - Unidade de Pronto Atendimento	Sexta-feira	16	11	12	21	68	75	68	63	65	74	49	2	44	66	67	1	70	61	54	42	34	30	23	21
14/09/2024	UPA Paulista - Unidade de Pronto Atendimento	Sábado	14	10	23	24	48	45	62	58	57	43	46	49	47	43	45	43	58	69	63	53	32	34	22	22
15/09/2024	UPA Paulista - Unidade de Pronto Atendimento	Domingo	16	17	13	19	19	34	37	35	39	42	43	44	54	50	64	66	69	63	50	40	27	28	23	17
16/09/2024	UPA Paulista - Unidade de Pronto Atendimento	Segunda-feira	8	10	16	9	45	71	78	75	66	71	0	0	80	84	72	80	79	73	52	32	29	22	17	2
17/09/2024	UPA Paulista - Unidade de Pronto Atendimento	Terça-feira	9	14	16	7	70	76	81	78	64	58	83	2	78	76	65	82	86	86	67	53	32	22	14	11
18/09/2024	UPA Paulista - Unidade de Pronto Atendimento	Quarta-feira	19	21	23	24	5	65	71	66	63	72	84	84	75	70	78	81	79	65	56	48	25	11	12	9
19/09/2024	UPA Paulista - Unidade de Pronto Atendimento	Quinta-feira	13	14	26	9	8	74	82	3	79	66	73	74	69	58	63	80	71	64	53	43	40	13	12	11
20/09/2024	UPA Paulista - Unidade de Pronto Atendimento	Sexta-feira	15	15	15	34	54	62	63	49	39	54	1	61	59	57	51	62	64	69	46	29	25	27	19	18
21/09/2024	UPA Paulista - Unidade de Pronto Atendimento	Sábado	19	28	25	29	48	52	57	52	52	54	63	71	59	56	64	60	57	51	40	36	25	22	14	19
22/09/2024	UPA Paulista - Unidade de Pronto Atendimento	Domingo	15	14	19	28	42	43	33	43	28	45	39	52	40	50	62	68	1	63	67	54	42	31	17	4
23/09/2024	UPA Paulista - Unidade de Pronto Atendimento	Segunda-feira	11	19	19	42	74	82	86	78	2	79	77	75	83	73	71	90	89	72	60	51	30	22	21	12
24/09/2024	UPA Paulista - Unidade de Pronto Atendimento	Terça-feira	12	20	24	34	69	73	83	79	73	63	77	73	61	0	65	81	90	82	73	39	43	27	29	18
25/09/2024	UPA Paulista - Unidade de Pronto Atendimento	Quarta-feira	18	20	25	40	52	53	58	67	54	55	48	57	57	67	66	78	74	66	57	43	49	35	22	15
26/09/2024	UPA Paulista - Unidade de Pronto Atendimento	Quinta-feira	0	14	25	32	63	70	73	66	69	0	65	58	50	57	54	62	64	71	62	59	49	25	21	17
27/09/2024	UPA Paulista - Unidade de Pronto Atendimento	Sexta-feira	20	28	26	6	50	61	59	59	0	57	24	17	64	63	53	54	60	62	56	45	36	24	19	16
28/09/2024	UPA Paulista - Unidade de Pronto Atendimento	Sábado	0	22	3	5	47	55	64	54	58	60	75	9	59	61	56	71	60	58	52	44	0	35	36	29
29/09/2024	UPA Paulista - Unidade de Pronto Atendimento	Domingo	4	10	13	14	4	35	42	39	40	30	39	60	50	46	19	60	76	71	17	42	18	21	7	19
30/09/2024	UPA Paulista - Unidade de Pronto Atendimento	Segunda-feira	10	3	22	40	75	68	86	5	79	71	71	71	82	83	90	70	70	74	66	61	50	34	28	24
01/10/2024	UPA Paulista - Unidade de Pronto Atendimento	Terça-feira	25	22	23	39	13	68	66	0	61	63	69	79	82	73	72	70	69	68	60	57	49	34	0	21
02/10/2024	UPA Paulista - Unidade de Pronto Atendimento	Quarta-feira	17	15	24	36	85	91	99	95	64	68	4	55	56	67	55	81	76	77	65	58	48	29	24	14
03/10/2024	UPA Paulista - Unidade de Pronto Atendimento	Quinta-feira	13	13	24	36	55	54	73	71	1	61	63	67	72	65	71	74	78	61	52	43	39	28	17	11
04/10/2024	UPA Paulista - Unidade de Pronto Atendimento	Sexta-feira	18	12	22	36	56	67	51	61	56	46	54	71	67	58	56	69	75	57	63	53	44	50	37	25
05/10/2024	UPA Paulista - Unidade de Pronto Atendimento	Sábado	26	19	26	28	49	58	52	47	0	4	53	53	50	63	64	58	62	55	55	45	41	28	21	20
06/10/2024	UPA Paulista - Unidade de Pronto Atendimento	Domingo	0	14	15	18	47	100	100	100	100	100	100	100	100	100	100	73	67	59	60	28	13	0	14	13
07/10/2024	UPA Paulista - Unidade de Pronto Atendimento	Segunda-feira	12	17	13	37	65	85	92	5	69	63	75	82	75	88	77	89	91	86	66	41	36	35	25	21
08/10/2024	UPA Paulista - Unidade de Pronto Atendimento	Terça-feira	0	6	7	42	88	98	39	93	0	64	69	71	72	71
